id,SMILES_input
1,CCCCCN(CCCCc1c2cc3sc2nn13)C(=O)c1ccc(OCC)c(Cl)c1
2,O=C(Nc1n[nH]c2ccc(Br)cc12)N1CCCC1
3,CCN(C(=O)N(C)c1ccccc1OC)C(=Cc1ccc(OC)cc1)c1ccccc1C
4,CC1(Cl)OC(=O)C1(C)Cl
5,CCc1cc(C=CC(C)=Cc2cc(OC)ccc2C)ccc1C
6,CCc1ccc2ccc3[nH]c(=O)n(C)c(=O)[nH]c(=O)c4ccc(c4c1)c2c1c2ccc(O)c1cc3o2
7,CC(C)(C)C1C2CC3(CCCCC3)C3C(N2)C(C)(C)C2CCCCC2N13
8,CC1(C)C(=O)NC(=O)N1c1ccc(C(F)(F)F)cc1Cl
9,c1ccc2c(c1)c(OCCN1CCCCC1)c1c3sc(nc32)S1
10,COc1ccc(OCC2c3ccccc3C(=O)N2C(C)=O)cc1
11,CN(c1nc(-c2ccccc2)nc2ccccc12)C(C)(C)C
12,O=c1nc(Br)nc2n1CC1CCCN2C1
13,COc1ccc(CCNC(=O)c2ccc(F)c(F)c2)nn1
14,COc1cc(Br)cc(-c2cc3ccc2OCCCCCN2CCN(C2=O)S3(=O)=O)c1
15,O=C(NC1C(=O)NC(=O)C1Sc1ccc(-c2ccccc2)c2cc(Cl)ccc12)c1ccccc1
16,COc1ccc(Oc2ccc(C(=O)O)cc2)cc2c(cc(OCCCC(C)(C)C)c1OC)C(=O)C(=O)O2
17,CCN(CCOC1=CC=C2C(OC)=CC=C12)C(=O)C(NC(C)=O)C1=CC=C1c1cc2c(ccn2C)c(=O)[nH]1
18,CC(C)(C#N)N1CCCC1
19,CC(=NN1CCCC12CCCN(C(C)(C)C)C2)c1c2ccc3cccc(s2)c13
20,CCCCCCCCCCCCn1c(=O)nc(NC(=O)CC)c2ccccc21
21,COc1ccc(OC)c(C(=O)CCCOC(=O)c2ccc(C(C)=O)cc2)c1
22,O=c1c2ccccc2nc(N2CCCC2)n1CS(=O)(=O)c1ccccn1
23,CC1CN(Cc2ccccc2-c2nc3ccc2[nH]3)C1C
24,COc1ccc(S(=O)(=O)N(C)CCCOC(=O)c2ccc(Cl)cc2)cc1
25,O=C(CC(F)(F)F)Nc1cc(F)c(Cl)c(Cl)c1C(F)(F)F
26,CC(C)(C)C(C)(C)CCn1c(=O)c2c3cccc2c2c4ccc(nc34)c21
27,CCOc1c(N2CCCC2)nc(N2CCN3CCCC2C3)c2cc(F)ccc12
28,CC1=NC=NN(N=c2c3cccc(Cl)c23)C(N2Cc3ccccc3N(C)C2=O)=N1
29,COCOS(=O)(=O)c1c(C)ccc2c3ccc(c12)n1c(C)nnc31
30,CC1CCN(C(C)c2cc3ccc2cc3)C(=O)N1
31,CCN1CCCCN(C(=O)C2=CC(Br)=C2)CCCC(C(=O)N(C)C)NC1=O
32,COc1ccc(S(=O)(=O)N(C)C)c(NC(=O)N2CCCC2)n1
33,CN(CCN(CCSCCCCCCC(=O)N1CCCCC1)C(=O)C1CNC(=S)N1)P(=O)=O
34,COc1ccc(-c2ccc(Cl)cc2)c(C(=O)N2CCCC2)c1
35,CCn1c(-c2ccccc2C=Cc2ccc(OC)cn2)cccc1=O
36,CC#Cc1ccccc1OC(=O)c1ccc(F)cc1
37,COc1ccc(-c2ccccc2C(=O)c2ccc(C)cc2C(=O)N2CCCC2=O)cn1
38,C[SiH](O[Si](C)(C)O[Si](C)(O)[SiH3])C(C)(C)C
39,O=C1c2nc(nc3ccc4ccccc4c23)N1CCCN1CCCCC1
40,Cc1cn(CCc2ccc([N+](=O)[O-])nn2)c2nn(-c3cc(Cl)ccc3Cl)cc12
41,Cc1cc(Oc2ccccc2Oc2ccccc2C#N)ccc1NC(C)C(=O)NO
42,CCOC(=O)C(OC(=O)c1ccccc1)C1OCC(OC2=NC3=CC=C2C3=O)C1O
43,CCC(C)Nc1cnc(OCCNC(=O)c2cc([N+](=O)[O-])ccc2OC)n1CCCOC(C)=O
44,O=C1CC2OC3OC(C(=O)OC4CCCC4)C(O)C(O)C3OC(O1)C2O
45,CNC(=O)NC(N)=S
46,CC1CCC(c2cc(Cl)ccc2F)N(S(=O)(=O)c2ccc(F)cc2)C1
47,FC(F)(c1ccccc1)c1nnc(N2CCCCC2)s1
48,O=C1CCCCC2(CCCCC2)O1
49,OCCN(C(=Cc1cccc(Cl)c1)c1ccc(Cl)cc1)c1ccccc1
50,Clc1ccc2c3ccc(oc4ccccc4cc1)NC(=NN2)S3
51,O=C(NCCCCc1ccc(Cl)cc1)c1ccccc1
52,CCCCC(=O)N(CCC(=O)c1ccccc1)CCN1C(=O)c2ccccc2C1=O
53,COc1cccc(C(=O)N2CCC(C)(c3ccc(F)c(Oc4ccccc4Cl)c3)CC2)c1
54,O=c1oc(-c2nc([N+](=O)[O-])ccc2F)ccc1Cc1cc(F)c(F)c(Cl)c1
55,CN(C(=O)Nc1ccccc1)c1nc2cccnc2n1CCc1ccccc1F
56,CN(C)C(=O)C(F)(F)c1ccc(-c2nc3c([nH]2)CCCN3CCN2CCNC2=S)cc1
57,COC(=O)CN(c1nccs1)S(=O)(=O)c1cc(Cl)ccc1C
58,CCCN1C(=O)CCN(C(=O)C(F)(c2ccccc2)C(F)(F)F)C1=O
59,COC(=O)CCC1(CC(=O)c2nc3ccc(C)cc3s2)CCCCC1
60,O=C(C=CC1=CN(C(=O)N2CCCCC2)CCC1)N1CCCCC1
61,COc1ccc(NC(=O)c2cc(C(=O)Nc3ccc(COc4ccccc4Cl)cc3)cc3ccc(C)cc23)c(F)c1
62,CC(=O)N(CCn1c(=O)c2ccc1c1ccccc21)C(C)(C)C
63,N#CC1=C2CCCC1CCS2
64,CN1CCOc2c(c3c(N)nc4ccccc4occ2c2cc4ccc-4oc32)C1=O
65,COc1ccc(C=CCl)c(CN(c2ccc([N+](=O)[O-])cc2)S(=O)(=O)N(C)C)c1
66,Cc1scc([N+](=O)[O-])c1COC(=O)C(C)(C)C
67,NC(N=Nc1ccc(Cl)cc1)=NC(=CC=CCl)c1ccccc1
68,NC(=O)c1ccc(C(=O)O)c[nH]c2ccccc2n1
69,CCN(C(C)=O)c1nc(OC)c(C)c(=O)n1C
70,Cc1ccc(C(=O)N(CCOc2nc(C(=O)N3CC3)ccc2F)CC2CC2)cc1
71,O=C(O)C1NCCCC1O
72,Nc1nc2nnc1n2Cc1ccccc1C=Cc1ccc(Cl)cc1
73,O=C(O)C1CCc2ccccc2C(=O)N(C(=O)N2CCCC2)CC1
74,CCCN(CCc1ccccc1C=Cc1ccccc1OC(F)(F)F)c1ncnc(C)n1
75,CCN(C)CCOc1c(F)cccc1OC(=O)C1=CC=C2CC1=CC=C2NC(C)=O
76,COC(=O)CN(CCCc1cc(OC)cc2ccccc12)C(=O)O
77,O=C(O)n1nc2c3ccc(c(Cl)c3)n2c1=O
78,CC1=CC=CC(C)(Cl)C1c1nc(-c2nncn2C)cc(C(F)(F)F)n1
79,CC1(C)CCCN(CCCCN2C(=O)Nc3cc(Oc4cccc(Cl)c4)nc2n3)C1=O
80,CCOC1=C(S(=O)(=O)N2CCCCC2)N2CCCCCCCC(OC)=C12
81,Cc1ccc(Nc2cc3ccc2cc3-c2cccc(F)c2)c(S(N)(=O)=O)c1Br
82,CSc1cc(C)[nH]c1CN1CCCN(C)S1(=O)=O
83,COc1ccccc1C(=O)Oc1c(C=C2NC(=O)NC2=O)ccc(OC)c1OC
84,COc1cccc(CCNC(=O)NCCCCOc2cc3cc4ccc3cc24)c1
85,Cc1cc([N+](=O)[O-])cc(C(=O)O)c1[N+](=O)[O-]
86,COc1ccccc1-c1cc(CC(C)NC(=O)Nc2ccc(Cl)cc2F)nn1C
87,COc1ccc2nc3[nH]c(ccccc(-c4ccc(C)c(F)c4)[nH]c2c1)C(C)NC(=O)CCN3
88,CN1CCN(C(=O)NC(OP(=O)(O)Oc2cc3ccc2o3)C2C(O)C(OP(=O)=O)N3CCN2C3=O)C1=S
89,O=c1n2nc(Sc3n[nH]c(-c4ccccc4Cl)n3)n1CCC2Cc1cccs1
90,Cc1cc2ccc1n(-c1ccccc1)c2=O
91,COc1cccc(N(c2cc(Cl)cc(Br)c2)c2nc(N(C)C)ncc2SC#N)c1
92,O=C(c1ccccc1)N(CCCn1c(=O)n(Cc2ccccc2)c(=O)c2ccccc21)Cc1ccc(Cl)cc1
93,CCCCN1C(=O)CCCCC(O)C(=O)N(C)C1=O
94,CC(=O)N(CCn1c(C(=O)OC(=O)NNC(=O)c2ccccc2)cccc1=O)CC(=O)O
95,CCN(CCCN(CCc1cc(Cl)ccc1Cl)Cc1ccccc1)C(=O)C=Cc1cccc(OC)c1
96,C=C1CCN(CCCN2CCCOC2=O)C1=O
97,Cc1cc(C(=O)C2(C)CCCCC2)c(N2C(=O)N3CCCC2C3C)nn1
98,COc1cc(CN2CCCC2)sc1C(=O)N1CCN2CCC1C2
99,Cc1nc(N)n(-c2ccc(C(F)(F)F)nc2)c1-c1ccccc1
100,COc1ccccc1P(=O)(OC)Oc1ccc(Cl)cc1-c1cccc(Cl)c1
101,O=C1CCCN1C(=O)c1ccc(-n2nc(N3CCCCC3)sc2=O)cn1
102,CN(CCCNc1ccnc2ccccc12)Cc1ccccc1
103,O=C1C2=CC(=C2C(F)(F)F)CN1C(=O)N1CCCC1
104,O=C(N1CCCC(CN2C(=O)c3ccccc32)C1)N1CC2CCCN2C1=O
105,COC(=O)CCNS(=O)(=O)C1=CC(N(C)CCSCCn2c3cccc-3cc3ccccc32)=C1
106,COc1ccc(Cl)c(OCC2C=C(c3cc(Cl)ccc3C(F)(F)F)C(=O)N2C)c1
107,CC1=CS12(C(F)(F)C(F)(F)F)=NC2
108,CC1(C)CCC2CC3CC231
109,COc1ccc(CNC(=O)N2CCOc3ccccc32)cc1
110,CNC(=O)CN(C(=O)c1ccc(Cl)cc1)C(=O)c1ccc(Cl)c(OC)c1
111,COc1ccc2c(c1)N=C(c1cc3cnc1nc3)N(CCc1ccc(Cl)cc1)C2
112,CCC(C)N1C(=O)COP(=O)(O)C(Cl)=CC=C(Cl)C1=O
113,O=C1CCCCN1C(=O)N1CCCCC1=O
114,CC1NC(=O)NC1(C)C
115,CN(C)CCCOC(=O)c1c2c3c(C(F)(F)F)nc1n(C)c(=O)c2=C3
116,COc1cc2c(c3c(CC(=O)O)ccc-3cc(O)ccc3ccc(c1)c(=O)oc3=O)CCC2=O
117,CC(C)(C)OC(=O)C1CCCC1
118,C=C(C=CSCCN(CCN1CCOCC1)S(=O)(=O)NC(=O)O)[N+](=O)[O-]
119,COc1cccc(C(=O)N2CCN(CCN3CC3)C(SC)=N2)c1
120,COC(=O)c1ccccc1C(=O)c1cccn2c(=O)c(-c3ccccc3Cl)ccc12
121,COC1=CC=C2S(=O)(=O)N1c1ccc3cc1NC(=O)n1nc(n(c1=O)S2(=O)=O)OC(=O)N(S(=O)(=O)c1cccc(Cl)c1)CC(=O)NS3(=O)=O
122,CC(C)(C)CCCN1CCN2CC3CCC4C=C(C#N)C(=O)N3C42C1
123,CCOc1ccc(N2CCN(C(=O)c3c(S(=O)(=O)OC)c3=O)CCC2=O)cc1Cl
124,CCC1OC2C(O)C(O)C1OC(=O)C1=C(OC)CCCN2C1=O
125,CCCN(C(=O)NC(=O)c1ccc(C)c(=O)o1)C(=O)N(C)C
126,Cn1c(O)nc2cccc(NC(=O)NC(=O)c3ccccc3)c21
127,NC(=O)C1=C2NC=C(S2)C1=O
128,C=C1C=C(C)N=C(N(CC2CCCN(CC(=O)O)C2)c2ccc(Cl)c3cc([N+](=O)[O-])c([N+](=O)[O-])cc23)N1
129,O=C(NC1COCC(O)C1O)N1CCCN(C(=O)N2CCCOC2=O)C1=O
130,CCNC(=O)CN(CCc1ccco1)C(=O)Nc1ccc(OCC)cc1
131,CCN(CCCCC1CCCCC1)S(=O)(=O)O
132,Cn1c(=O)c2nnc1n2CCCC12CCCC(CCC1)C2
133,O=C(NC(=O)c1ccncc1S(=O)(=O)Nc1ncc(Cl)cc1-c1ccccc1)c1ccccc1
134,CN(C)C1=C2C=C1C1CCN2C1
135,CCOC(=O)c1ccc(C=C2SC=CC=C2Sc2ccc(OC)cc2)n(C)c1=O
136,CCCN(CCC)C(=O)C=CC=C1C(=O)Nc2ccccc21
137,Cc1ccc2c(n1)n(C)c(=O)n2-c1ccccc1I
138,CCC1CCN(C(=O)Nc2cccc3ccc(OC)cc23)C(=O)N1C
139,CC(CN(C(=O)C(C)(C)C)C1CCCCC1)NC(=O)c1ccc2oc3ccccc3c2n1
140,CC(=O)c1cc(C(C)(C)C)ccc1-c1cc(C)c(=O)n(C)c(=O)c1
141,Cc1cc(C(F)(F)F)c([N+](=O)[O-])cc1C(F)(F)c1cc2c(c1)c1ccc3c2c3[n+]1[O-]
142,CCN(CC)Cc1ccc(F)nc1C=Cc1ccc([N+](=O)[O-])cc1C
143,CCOc1c(Cl)cc(Cl)cc1OC
144,CCC(CCNS(=O)(=O)c1ccc(-n2nc3nc2S3)cc1C#N)NC(=O)c1ccccc1OC(F)F
145,CCCn1c(Sc2ccc3cc2S3(=O)=O)nc2c(c1=O)CCN(CC)C2=O
146,CCN(C)c1nc(NC(CC2CCCN(S(=O)(=O)c3ccccc3)C2)C(=O)Nc2ccccc2)no1
147,COC(=O)C=Cc1cccc(C)c1
148,COc1ccc(-n2cnnc2C(=O)N2CCCC2)cc1Cl
149,COc1c(NC2=CC=CC(OC)C2)cccc1C(=O)NC(=O)Cc1cc(F)ccc1C
150,CCNC(=O)N(C)C(=O)C1=CNC2=NC1=C2OC
151,O=P(O)(O)OP(=O)(O)OCCN1CCCCC1
152,CCN(CC)S(=O)(=O)c1ccc2n[n+](C)c(C)cc2c1
153,COC(=O)c1nc(-c2ccc(NC(=O)N3CCCC3)cc2)n2c1CCCC2
154,CCOC(=O)c1cc(C(=O)O)ccc1C(C)=CC=C(C=C(C(=O)O)C(=O)OC(=O)c1cc(C(=O)O)cc(C(=O)OC)c1)OC
155,CCOc1cc(-c2cc(-c3nnc(N4CCCC4)n3C)[nH]n2)ccc1C
156,COC1C(CCCCCSc2nc(=O)[nH]c(=O)s2)C(=O)OC1C(=O)O
157,COC(=O)C(CCCCCCCCC#CC(=O)OC(C)(C)C)Cc1ccc(C)cc1
158,COc1ccccc1N1CCN(CC2=CC=C(NS(=O)(=O)N(C)C)CC2)CC1
159,O=C(C1=C(S(=O)(=O)c2ccccc2)CCC(=O)N1CCC1CCCCC1)N1CCCCC1
160,CC1(C)CCN(c2ccccc2C(=O)N2CCN3CC32)C1
161,Cc1cccc(S(=O)(=O)N(C)C)c1OCCN(CC(C)(C)C)c1c2cccc1-2
162,O=C(Nc1ccccc1)c1ccc(OCC23CCCN(CC2)C3=O)cc1
163,O=C(N1CC1)N1CCCN(C2CCCCC2)C1=O
164,CCOC(=O)c1c[nH]c2nc3ccccc3c(N3C(=O)N4CCC3C4C(=O)N3CCC(C)CC3)c12
165,O=C1c2ccc(s2)SCCCCc2ccccc2N1Cc1ccccc1
166,O=S(=O)(c1ccccc1)N(Cc1cc2ccccc2n1-c1ccc(CN2CC2)cc1)CN1CC1
167,COc1ccc(-c2ccccc2Cl)c(C=C2OCC(=O)N(C)C2=O)c1
168,N#Cc1cccc(OC(=O)N2CCN(CC3CCCC3)C2=O)c1
169,CN(C)c1nc(-c2ccccc2Cl)nc2ccccc12
170,CN1C(n2c(=O)[nH]c(=O)n(CCOC3=CC=C3Br)c2=O)=Cc2ccc1s2
171,CCCCCNC(=O)n1c2c(C(=O)OCC)nc1n1cccc21
172,CCCC(C)C(=O)N(C(C)=O)C(=O)c1cc(-c2ccc(Br)cc2)ncn1
173,COc1ccc(-n2c3c(c4c2=NC=C4)C(C(=O)N2CCN4C(=O)OCCC4C2=O)=CC=3)cc1
174,O=C(Nc1ccccc1-n1cnnn1)c1nnc(-c2ccccc2)s1
175,COc1ccc(-c2nc(C)nc(NC(=O)N3CCC(C)N3C)n2)cc1OC
176,CC(C)(C#N)OC(=O)C1COc2cc(Cl)ccc2N1C(=O)C(C)(C)C
177,O=C(NCCCN1CCCCC1)NC(=O)N1CCCC1
178,CCOc1ccc(N2Cc3cccc(c3C(=O)N3CCCCC3)C2=O)cc1Cl
179,O=c1c2sc3nc2N(c2ccccc2OCC2CCCCN2CCC2CC2)Cn13
180,CCN1CCC(=O)N(CCCNC(=O)CCCSc2nc(-c3ccccc3)ccc(C#N)ccs2)C1=O
181,O=C(NNC(=O)N1CCN(Cc2ccc(Cl)cc2)C1=O)c1ccc(F)cc1
182,CCSC(=Nc1c(C(=O)Nc2ccc(F)cc2)n(C)c(=O)[nH]c1=O)Nc1ccccc1
183,COCCN(C)C(C)C(=O)Nc1cc2ccc1cc2
184,CCC(=O)Oc1ccccc1C(=C(C(=O)OC)c1c2c3ccc1cc3-2)N1CCC1
185,COc1ccccc1OCCCOC(=O)c1ccc2cc1C2=O
186,COc1ccc2c(c1)-c1sc(-n3c(=S)sc4cc(Cl)ccc43)nc1N1CCN(CO2)CC1=O
187,O=c1cccc2c(=O)n1CCCCCCCC2
188,COC(=O)C(C(=O)OC)=C(Cc1ccc(Cl)cc1)C(=O)c1cc([N+](=O)[O-])ccc1C(F)(F)F
189,Oc1ccc(C=CC=C(Cl)Nc2ccc(Br)cc2)cc1
190,C=C(Br)C(Br)=CC(Br)=C(Br)C(=O)C=C(Br)C(C)=O
191,CC(C)NC(=O)N(C)C
192,CCCCN(CCC)C(=O)Nc1ccc(OC)cc1
193,CN(C)C(=O)N(C)c1ccc2[nH]c(=O)c3ccc1c2c3
194,COc1ccc(S(=O)(=O)N2C(=O)CN(C(=O)OCc3cc4ccccc4o3)C(=O)C2C)cc1
195,O=C(Oc1ccccc1NC(=O)c1ccccc1)C1=C2c3c[nH]c1c3-c1c[nH]nc12
196,COc1csc2c(C(=O)N3CCCCCCCCC3)c3nc(C(F)(F)F)sc3c-2c1
197,CC(=O)Oc1ccccc1CN1C(=O)C(=CCCC(C)(C)C)C=C(C(=O)c2ccccc2)C1=O
198,Cn1c(-c2ccccc2)ncc(C(=O)NCCCOc2ccc(Cl)cc2)c1=O
199,CNC(=O)c1ccc2c(OC)cccc2c1Br
200,Nc1ccccc1-n1nc(-c2ccccc2)nc1C(=O)N1CCCC1
201,COc1ccc(-c2scc(C(=O)N3CCN(C)C3=O)c2NC(=O)c2cc(C)ccc2F)cc1
202,CC(C)(C)C(C)(C)Oc1ccc(C(=O)N2CCCC2)cc1
203,COc1ccc(CCN(CCNC(=O)c2ccccc2)S(=O)(=O)c2ccc(C)cc2)cc1
204,COc1ccc(C(=O)N2CCCCC2)c2ccccc12
205,Cc1nc(=Nc2cc(Cl)ccc2NC(=O)N(C)Cc2ccccc2)cns1
206,COC(OC)(OC)OC(=O)N(C)C
207,O=C(C1CCC(N2CCCOC2=O)CC1)N1CCCCC1
208,Cc1c(Cl)ccc2cccc(Nc3cc(CCCN(C)C(=O)C4CC(Nc5cccc(Cl)c5)C(O)C4O)ccn3)c12
209,O=C1NCC2=CC=CC=c3sc4cc1[nH]c1nc(ccc12)c=4n3-c1ccccc1
210,COC(=O)C(C(C)N1CCOC1=O)N(C)c1cc2ccccc2c(=O)o1
211,COc1ccc(-c2nc(C)c(CCCC#N)s2)cc1
212,COC(O)=C(Sc1ccc(OC)cc1[N+](=O)[O-])C(=O)N1CCN2C(=O)N(C)CCC2C1C(=O)O
213,CCC(=O)OCCC=CCc1ccccc1
214,CCNc1ncc(C)c(-c2ccc(C#N)nc2-c2ccc(OC)cc2)n1
215,NC(=O)NCC(=O)NNC(=O)Nc1ccc(F)cc1
216,CC(=O)NC1=NC1=C(C)c1cccc(C)c1
217,CC(C)(C)CCCCn1cccc1C(=O)c1ccccc1C(=O)c1cc(C(F)(F)F)ccc1C(F)(F)F
218,CC1=NC=CC=C(C(=O)N2CCC(Cc3ccccc3)C2)C(CCN2CCN3CC2C3=O)=N1
219,COc1ccc2c(c1)CCCCCCCC2=O
220,c1ccc(CCCCCN2CCCCC2)nc1
221,COc1ccc(CNC(=O)c2nnnc(-c3ccccc3)c2C(=O)Oc2ccccc2)cc1
222,N#Cc1cc[nH]c1-c1cc(C(F)(F)F)ccc1CCCNC(=O)Nc1ncn[nH]1
223,CN(CC1CCCCC1)c1nc2ccccc2s1
224,COC1=C2C=CC=C2C(CNC(=O)NCCCN(C)C2=NOc3ccccc3N2)=C1
225,Cc1ccnc2c1n(C)c(=O)n2-c1ccccc1
226,CN(C(=O)c1cc(-c2cccc(Cl)c2)nn1C)c1ccccc1OCCCC(=O)O
227,CCCCCCC1C(O)C1C(C)C1=CC=C1
228,CCC(NC(C)=O)C(=O)NC#N
229,COc1cccc(-c2ncc(Cl)cc2-c2ccnc(C)n2)c1
230,O=C(c1cc(Cl)ccc1Cl)N1C(=O)C1c1ccc(Cl)s1
231,CC(C)(C)Oc1ccc2cc1C(=O)N2CC(=O)Nc1ccccn1
232,CN(C)CC(=O)OCCN1CCCN(C#N)C(=O)c2ccccc2-c2ccc(o2)S1(=O)=O
233,O=C1Nc2nnc(n2CC2OCC(NS(=O)(=O)N3CCCC(O)C3)C2O)S1
234,CC12CCCC1OC2CCOC(=O)CCc1ccc(-c2ccc(C(=O)O)s2)cc1
235,O=C(CSc1ccc(Cl)cc1)Nc1cc(Cl)ccc1Cl
236,CC1=Cc2c(cc(Cl)c3cccc(Cn4c(=O)c5ccc4cc5)c23)NS1(=O)=O
237,COC(C=CN=C(N)NC(=O)c1nccs1)=CC=COc1cccc(O)c1
238,O=C(C(C=Cc1ccc([N+](=O)[O-])cc1)=CC1CCCC1)N1CCCCC1
239,COc1ccc(-c2cc3ccc2c(C(=O)N2CC(N4CCNC(=O)C4)CC2=O)c3)cc1C(F)(F)F
240,CNC(=O)NCC(C)Nc1nc2ncc1c1ccc(OC)cc21
241,O=C(CN1CCCC1)c1ccc(C2CC3CCC(C2)O3)c2ccccc12
242,Nc1ccc2c3cc(O)ccc3c3ccc([N+](=O)[O-])c(Sc4ccccc4)c3c2c1
243,Cn1nnn(CC(=O)Nc2nc(C=CO)cs2)c1=O
244,COc1ccc(C(C)(C)C)c(C(=O)N2CCN(CC3CC3)CC2)c1
245,CCOC(=CN1CCCC1)c1cc2cc(OC)ccc2s1
246,CCOC(=O)CCC(=O)OC(C(O)C(=O)OC)C(O)C(OC(=O)CC)C(OC(C)=O)C(=O)OC(C)C
247,COc1cccc(NC(=O)NC(=O)Nc2nc(C)c[nH]2)c1
248,CCN(c1nc(C)c(-c2cccc(F)c2C)s1)c1ccccc1-c1cccn1C
249,CC(=O)N(C(=O)Nc1cccc(F)c1)c1nc2ccccc2n1C(C)=S
250,CCCCN(CCN1CCOC1=O)C(=O)c1ccc(CNC(=O)c2ccccc2)cc1
251,COc1ccc(C2C=C(Cl)C=CC2c2cccc(N)c2)c(N(C)CCCC2CCNC(=O)N2)c1
252,CN(CC(=O)NC1=CN=CC=C(c2ccccc2)N=C1)C(=O)C1CC1
253,CC(C)(CSCC(=O)OCCN1CCCC1=O)Oc1cccc2cc(Cl)ccc12
254,O=C(Nc1ccc([N+](=O)[O-])c(C(=O)N2CCC2)c1)C1=CC=N1
255,CCCCN(CCCCOC(C)(C)OCC[NH+](CC)CCC)C(=O)[O-]
256,COc1cccc(C(=O)OC2C3OC(CCCC4CCCC4)C(O3)C2C(C)(C)C)c1
257,COc1cnc2nnc(Nc3ccccc3O)n2c1-c1cccs1
258,O=C(C=Cc1ccccc1)N1CCCCC1=O
259,CN(C)C(=O)NCCn1c(=O)n(C)c2ccc3cc2c2ccc4ccc4c2nc1s3
260,Cc1ccc(C(=O)N(CCc2nc3n(n2)C2=NCCCC2CC3)C(=O)N(C)C)cc1
261,COC(=O)N1CCC(=O)NC1=O
262,COc1ccc(-c2cn3c4[nH]c(-c5cccc(I)c5)c(c24)C(=O)NCCOCC3)n(C)c1=O
263,CC(C)(C)C(=O)C(=NC(=O)N1CCCCC1)C1CCCCC1
264,CC(C)(C)OC1CC(C)(C)OC(C(C)(C)C)C1OC(=O)N1CCC(=O)NC1=O
265,O=C(c1c2c[nH]c1C(=O)N(C1CCCC1)C2=O)N1CCCCC1
266,Cc1c(C(=O)N(C)C(C(=O)N2CCCCC2)C2CCC(C(C)(C)C)C(=O)O2)c2ccc1[nH]2
267,CCCCCN(Cc1c2csc1-c1ccccc1-2)c1ccccc1OC
268,CC(CCOc1ccccc1)N(C(=O)C1CN2CCN1S2(=O)=O)C(C)(C)C
269,Cc1ccc2c(N3CCCCC3)nc3c(C(=O)N4C(=O)N(C)CC4C(=O)O)cc1cc3-2
270,CC(C)(C)C1C2CCC1C1CCN(CCC3=CC(=O)NC3=O)CC1C2
271,COC(=O)C(=CC(=CC=Cc1ccc(OC(=O)OC(C)=O)cc1C(=O)c1ccccc1OC)C(C)=O)C(=O)OC(C)=O
272,CC1=c2c(=O)c(c2=O)=C1S(=O)(=O)N(C)CCC1CCCC1
273,CC(=O)N(CCOc1ccc(Br)cc1)C(=O)Nc1cccc(Br)c1
274,O=C(O)c1nnc(-c2ccn[nH]2)[nH]1
275,COc1ccc(NC(=O)c2ccc(CCC(C#N)=C(C#N)C#N)cc2)cc1
276,CNC(=O)C(=C(N=C=O)c1cc(F)cc(Br)c1)c1cc(F)ccc1F
277,O=C(O)c1ccc(OC2CCCN(CC=Cc3ccccc3)C(C(=O)O)C2)cc1
278,CCn1c(=O)n(C)c2nc(C)cnc21
279,CC(C)(C)C(=O)OCCCCCCCCC=Cc1ccccc1-c1ccccc1
280,COc1ccc(OC)c(-c2ccccc2CCCCCc2cc3nc4[nH]c3nc24)c1
281,CC1(N2CCc3cccnc32)CCCC1
282,CC(C)(C)CN1C2=Nc3nc2nn3CCC1C(=O)N1CC1
283,CCC(C)C(=O)N(C)CCCCn1c2c3cc(nc(n3)c1=O)N=2
284,CN(C)C(=O)NC(CN1c2ncc(-c3ccc(F)cc3)c1n2)C(=O)Nc1ccccc1Cl
285,N#CC1=C(C(=O)OC(=O)c2cccc(C#N)c2)C(=O)C(C(=O)O)=C1
286,Cc1cc2cc(c1)N1C(=O)OCCOC1(NC(=O)c1ccc(Br)cc1)CO2
287,CC(C)=Cc1cc(Br)ccc1N1CCCCCC2OC3CN(CC3NC1=O)C2=O
288,COC1=CC(=CC2=CC(=O)N(CCCN3CCN(C)CC3)CC2)C(=O)C=C1
289,O=C(OC1CCOCC1)C1CCCCN1S(=O)(=O)C1=C(C(F)(F)F)C(=O)N(CCC2CC2)C1=O
290,CC#CC(=O)N1CCC2OC3CCC1C2C3C(C)(C)CN1CCCCC1
291,COc1cc(C(=O)N2CCCCC2=O)ccc1OCCCC(=O)O
292,CS(=O)(=O)N1CCCC2OCCC(NC(=O)c3cc4ccc3c3c4=CC=3)C2Oc2cccc(c2)S1(=O)=O
293,Cc1cccc(-c2csc(C)nsc(NC(=O)Nc3nnc(-c4ccccc4)s3)n2)c1
294,COc1ccc2cc3c(c(C(=O)N4CCCC4)c2c1)N(CC(C)(C)C)CC3
295,O=C1COc2ccc3c(ccc([N+](=O)[O-])s2)c(=O)[nH]c(=O)n31
296,COc1cccc(N(C(=O)c2ccccc2)C(=O)c2ccc(-c3ccc[nH]c3=O)o2)c1
297,CC(C)N(C)C(=O)C1=CC(=O)C(c2ccc(Cl)cc2)=C1C(=O)N(C)C
298,CCCCn1c(=O)n(CCOc2c(C)c3ccc2cc3)c(=O)n(C(=O)OC)c1=O
299,CCOC(=O)CCNC(=O)OC(=O)c1ccc(C)cc1
300,COc1ccc(OCC(=O)OC2CCOC3C(OC)CC(C(=O)OC4CCCCC4)OC23)cc1
301,CCCCC(=O)N(CCC)C(=O)c1ccccc1C#N
302,CCCNP(=O)(OCCN(CC)P(=O)(O)OP(=O)(O)O)OP(=O)(O)O
303,CN(C)CCN(Cc1ccccc1)C(=O)c1ccc(F)cc1
304,Cc1cccc2ccc(-c3ccc(S(=O)(=O)N(C)CCN)c(N)c3)ccc(C(C)C)ccc12
305,CC1=CC(C(=O)NCC(NC(=O)c2ccccc2)C(=O)Nc2cccc(F)c2)=C1
306,COc1ccc(-c2ccc(C(=O)Nc3ccccc3)nc2)cc1
307,CP1CCCN1C(=Nc1nnc[nH]1)C(=O)O
308,CCOC(=O)N1CCN(S(=O)(=O)c2ccc(Cl)c(Br)c2)CC1=O
309,CCOc1ccc2c3c(C(O)C(C)(C)C)c(nc2c1)N1CC3C1(C)C
310,Cc1ccccc1Nc1ncc(C(=O)NCc2ccccc2)c(N2CCCC2)n1
311,CCCN(C)S(=O)(=O)c1ccccc1SCCC(=O)Nc1ccccc1
312,COC1=CC(C(=O)N2CCCC2=O)=C(OC)C=CC(C=C(F)C=Cc2ccccc2)=C1
313,CCCN(CCCOC(=O)c1cccc(-c2ccc(Cl)c(=O)[nH]2)c1Cl)C(C)=O
314,N#Cc1ccccc1NN=CNC=Cc1cccc(S(=O)(=O)O)c1
315,O=C(Nc1ccc(F)cc1)N1CCC(CN2CCc3ccccc32)CC1
316,CCCN1N=C2CN(C(=O)c3ccc(OC)c(OC)c3)CCN2CC1C(=O)Nc1ccccc1OC
317,COc1cccc(C(=O)COP2(=O)OCCC(C)(C)O2)c1
318,O=C(Oc1ccccc1Cl)C(=NC#CCOc1ccc(Cl)c(Cl)c1)c1cccc(Br)c1
319,Cc1ccc(OCCN2C=Cc3nc4ccc3c2n4)cc1C(=O)N1CCN(C(C)C)CC1
320,COc1ccccc2nc(N)nc-2ccc2c(CN3CCCCC3)cc(C(F)(F)F)cc12
321,O=C1C=C2C=C(C(F)(F)F)C(C(F)(F)F)=C(S2)C(=O)N1CCN1CCCCC1
322,COc1cc(Cl)ccc1-c1ccc(OCC(=O)N2CCCC2)cc1C(=O)c1ccccc1
323,O=C(C=CC=C1CS1)N1CCN(CC(=O)N2C(=O)N3CCC2C3)CC1
324,COC1=C2c3cc(F)ccc3C1=CN(C)c1cc(OC)ccc12
325,CCCSC(=Nc1cc2c(=O)n(c1)C(=O)c1ccccc1-2)SC(=Nc1ccccc1)SC
326,NC(=O)n1c(SCCN2CCCC2)nc2ccccc21
327,CCCN(CCC1CCCCC1)C(=O)c1cc2ccc3cc2c(o3)c1OC
328,Cc1cccc(Nc2ccccc2N=c2sc(Cc3ccccc3C)nn2C)c1
329,CCCCCCCC(=O)C1=C(C)C(=O)OC1=O
330,COC(=O)c1ccccc1CCNC(=O)c1[nH]c2ccccc2c1C
331,COC(=O)c1c(C)ccc(C(=O)c2ccc(OC)cc2C(=O)O)c1-c1ccc(C(F)(F)F)cc1
332,COc1cccc(NC(=O)c2c(Cl)cc3n2Cc2ccccc2C(=O)CNC3=O)c1
333,O=C(C=C1CCCCC=C1F)OCCCN1CCCCC1
334,O=C(C=CC=Cc1ccc(Cl)cc1)N1CCCC1
335,Cc1ccc(C(F)(F)F)c(NS(=O)(=O)N(CCc2ccccc2)C(=O)Nc2ccccc2)c1
336,CCN(c1ccccc1C#N)C(C)(C)C
337,CC(=O)c1cn(C(=O)N2CCC2)c2cc(C(C)(C)C)ccc12
338,CCN(C(=NN=C(C)C)c1cccn1-c1nc(-c2ccccc2C(=O)O)nc(=O)[nH]1)c1ccc(Cl)cc1
339,Cc1ccc(C2=NC=CCC2)c(N2CCN(C)C2=O)c1
340,O=C1C=CCN1CCN1CCCCC1
341,NC1=CN=N1
342,O=C1N=C=C(c2ccc([N+](=O)[O-])cc2Cl)N1CCO
343,CCN1C(=O)C(C(C)=O)=C(c2cc(Br)ccc2Br)C1=O
344,CCCOCc1ccc(S(=O)(=O)N2CCC2)cn1
345,COc1ccc(-c2c#cc(Nc3ccccc3OCC3C(=O)N(C)C(=O)N4CCCC34)cc2)cc1
346,COc1ccc2cccc1nc1[nH]c([nH]c(C)c2)=NS1
347,COC(=O)CCN1CCCN2C(=O)C(=C2c2cccc([N+](=O)[O-])c2Cl)C1=O
348,CCCCCCCCNC(=O)CSc1cccsc1=O
349,CCCCN(CCCN1CCCOC1=O)C(=O)c1cc2c3ccc4ccc(nc3n1)c42
350,O=S(=O)(Nc1ccc(F)c(O)ccc(F)c(F)cccs1)c1ccccc1
351,CCCCN(CCC)C(=O)N(CCC)c1nn(C)c(C(=O)O)c1C
352,CCCCCCCCCCCCCC(=O)OC(C)(C)C
353,COc1ccc(CCCOc2ccc(-c3nc4ccccc4[nH]3)cc2)c(C)c1
354,COc1ccc(N2CCNc3ccccc32)c(S(=O)(=O)c2cccn2C)c1
355,COc1cc2c(C(=O)N3CCC4COC(=O)N(C4)C3=O)c3ccc2c(=O)c-3c1OC
356,COc1ccccc1C(=O)NC(=O)c1c2c3cccn3c(=O)n2c(=O)n1C
357,CCc1ccccc1OC1CCCN(C(=O)c2cc(OC)cc(C(=O)N3CCCCC3)c2)C1
358,COc1ccc2cc1-c1c-2sc(C(=O)N2CCCCC2)c1CN1CCN(C)C1=O
359,CN(C)C(=O)NCCOC(C=CNc1ccc(Cl)cc1)=Cc1ccccc1
360,COc1cc(F)c2c(N3CCN(C)C(=O)N(C(=O)NC(=O)Nc4ccc(C(F)(F)F)cc4)CC3)c1-c1ccccc1-2
361,NC(=O)N1CCCCCC1
362,CCCN(C)C(=O)C1=CC=C2C(OCCOC(C)=O)=CC=C2C1=O
363,CCCC(=NN=C(NC(=O)Nc1ccccc1)c1ccccc1)c1ccccn1
364,CCCN(C(=O)N1CCN(C)C1=O)c1ccc2cc1Sc1ccccc1-2
365,Cc1ccc(C(=O)N2CC(=O)NC2=NCc2cccc(C(F)(F)F)c2)cc1
366,COc1cc2ccc1c1c2CN(CCCCCCOc2ccccc2)C1=O
367,Cc1nc(-c2ccccc2)nn1C(=Nc1nncs1)c1ccccc1
368,CC(C)CCn1cc(C(N)=O)cc1S(=O)(=O)N1CCCN(C)S1(=O)=O
369,CCCCn1nc2nc1C1=NN(C=CC=C2Cl)C2=NC1=C2N1CCCCC1
370,O=c1c2sc(nc2[N+](=O)[O-])n1CCOc1ccccc1N1CCCCC1
371,CCC(=O)N(C)c1nc2c3ccc(F)cc3[nH]c(=O)cc(CC)ccc3ccc4c2nc3n14
372,CC(C)(C)Oc1ccc2c(c1)C(=O)C(CN1CCN(C(=O)c3ccccc3)CC1)=C2
373,COc1ccc(C#N)c(Nc2ccnc3cc(F)ccc23)c1
374,CC(=O)C(=Cc1nc2sc1c(=O)n2CC1CCCOC1=O)OC(C)(C)C
375,Fc1ccc(-c2cccnnc(-c3cccc4ccccc34)ccc2)cc1
376,O=C1N(CN2CCCCC2)c2c(ccc3nccnc23)S(=O)(=O)N1Cc1ccccc1Cl
377,N#Cc1ccccc1NC(=O)NCCNC(=O)c1ccc(F)cc1
378,C1CCC(C2(CN3CCCCC3)CCC2)CC1
379,COCCOc1ccc2cc1C(=O)C(C(=O)OC1(OC(C)(C)C)CCCCC1)=C2
380,CC(=O)CCC=CS(=O)C(C)(C)C
381,CCOc1ccc(C(C)(C)C)cc1NC(=O)c1ccc(Br)cc1
382,c1cc2c3cc1N=C(S2)N3C1CCCOC1C1CCCCC1
383,O=C1CN2CCN(CC2)c2nc(OC(F)(F)F)ccc2N=C(Sc2ccccc2)N1
384,COc1ccc2cccc(C(=O)N3CCN(C(=O)CCC4CCCCC4)C3=O)c2c1
385,CCCC(=O)NC(CCCc1ccc(OC)cc1)C(=O)OCC
386,CCCn1c(C(=O)OC)nc2ccccc2c1=O
387,CC(C)(C)CCN(CCCCN1CCCC1)c1nn2c3cn4c5nc(ccc5-2)c4c13
388,CC1=Cc2ccccc2C(C)(C)CCN1C(=O)NS(=O)(=O)c1cccc(-c2nc[nH]n2)c1
389,CCOC(=O)c1cc(OCC)cc2c1C(=O)c1c(OC)cccc1C2=O
390,CN1CCC2=C(C1=O)C(=O)N(CCCCCN1CCCCC1)CCCC(=O)C2=O
391,CN(C)CCn1c(=O)n2c3cccc4ccc1c(ccc43)CCCCCCCC2
392,CC(=O)N(C(=O)CCC(=O)NS(=O)(=O)C1=CC(=O)C(S(=O)(=O)N2CCCC2)=C1)C(C)C
393,Cc1ccc(Cl)cc1-c1nnc(-c2ccnc(C(F)(F)F)n2)s1
394,CCCNC(=O)C(CCC)N1CCN(c2nc3cnc2cc3Cl)C1=O
395,COc1ccccc1N1C(=O)N2C=C(C(=O)N3CCCCC3)C21
396,Cc1nnc(SCCCCCCC(COC(=O)c2cccs2)CN2CC3OC(=O)OC3C2=O)o1
397,O=C(c1cccc(F)c1)n1c(N2CCCCC2)c(-c2ccc(OCCN3CCCC3)cc2)c(=O)[nH]c1=O
398,C=C(C)C(=CC)C(=O)C(C)(C)C
399,CCCOC(C(=O)c1cccc(OC)c1)=C(O)C(c1ccc(Br)cc1)=[P+](C)c1cccc2ccc(OC)cc12
400,O=C1C=CC2(C(=O)N1)C(=Nc1ncccn1)Sc1nnc2[nH]1
401,COc1cc2cc(NS(C)(=O)=O)ccc3c1cc(C(=O)N(C)CN1C(=O)c4ccccc41)c23
402,CCCCN1CCC(C(=O)N2CCCCC2)=C(C(=O)N(C)C)C1=O
403,COP(=O)(OC)OCCN1CCC2=C3N=C4N=C(c5ccccc54)N3CCN2C1=O
404,CCN(C(=O)C1=Cc2ccc(OC)cc2C1=O)c1ccccc1OC
405,CCOc1c2ccc(c3cccn3c3c4c1N(C(=O)CO4)C3=O)OC2
406,CC(CC(F)(F)F)c1ccccc1C(=O)c1ccc(C#N)nc1
407,C#CCC(c1ccc(OC)cc1)n1nc(-c2ccccc2)n(C)c1=O
408,COc1ccccc1OC(=O)N1CC(=S)n2c(cnc2Sc2ccc(Br)nc2C(C)(C)C)C1=O
409,O=C1CN(Cc2cccn2S(=O)(=O)c2ccc(Cl)cc2)C(=O)N1
410,CCOC(=O)N1CCN(C(=O)N2CC2)C1=O
411,CN1C=CN(C)c2ccccc2SC(NC(=O)c2ccccc2)=N1
412,CCN(C)C(=O)Nc1ccc(S(=O)(=O)n2c3ccc2cc3)cc1
413,CC(C)(C)C1=CC=C(OCCC2CCCCC2)C1=O
414,O=c1sc(=O)n(C2CCCCC2)c(=O)n1CCC1CCCCC1
415,CN1CCC(NC(=O)N2CCSc3c2[nH]c2c(Cl)cc(Cl)cc32)CC1
416,CC(C)(C)OC(C)(C)COC(=O)C1=C(C(=O)OCCCCC2CCCCC2)C(=O)OC1=O
417,O=C1CSC(=C2C=CC=C(SCc3ccc(NC(=O)c4ccccc4C(=O)O)cc3)C2=O)C(=O)N1
418,CCN(C)C(=O)Nc1nc(N)ccc1C(=O)NC1CCOCC1
419,CCN1CCCC(C(Nc2nc3ccccc3cc2C)C(=O)Nc2cccc(F)c2)C1=O
420,NC=C1Nc2ccccc2S1
421,ClC1=CC=CC(n2cnc3nncnc32)=CC=C1Br
422,CCCCCCCCn1c(=O)c2cnc3c-2cc2cc(C)cc3c21
423,Fc1ccccc1N=C(c1ccccc1)c1c[nH]c2ccccc12
424,C=Cc1ccc(C(=O)Oc2ccc(OC)c(-c3ccccc3-c3cc4ccc3c3ccccc43)c2)cc1
425,CC(=O)NCC(=O)Nc1nc2n(Cc3ccccc3)cccc-2c1C#N
426,COP(=O)(O)NCCCN1C=Cc2nn(c(=O)[nH]2)C1=O
427,COC(=O)C(C(=O)NCCCN1CCCCC1)=C(C(=O)c1nc2c(s1)C(=O)NC2=O)[N+](=O)[O-]
428,CCCC(=O)N1CCN(S(=O)(=O)c2ccc3cc2OCO3)CC1
429,Cn1c(=Nc2ccccc2-c2cc(Cl)ccc2Cl)[nH]c2ccccc21
430,C1=C2N=C3Sc4nc1c2c(n4)N3CCN1CCCCN(c2ccccc2)CCCC1
431,NS(=O)(=O)c1ccc(N=Cc2ccc(-c3ccccc3)c3nc4ccccc4n23)cc1
432,CN(C=CC=Cc1c[nH]nc1-c1ccc(C(=O)N2CCCC2)cc1)c1cc(C(F)(F)F)ccc1Cl
433,CNC(=O)c1ccc(Oc2c3ccc4c(C(=O)NCc5ccccc5)c3oc24)cc1
434,O=C(CN1CCN(c2ccccc2)C1=O)Nc1ccc(C(=O)O)cc1
435,COC(=O)c1cc(Cl)cc2c(I)c(Cl)cc(Cl)c12
436,COc1ccc2cccc(C(=O)Nc3nnc(NC(=O)NC(C)(C)C)n3C)c2c1
437,CCCN(CC)S(=O)(=O)c1nc(C=Cc2ccc(C)cc2)n(C)c(=O)c1-c1cccc(OC)c1
438,CCCCN(CC(=O)N(Cc1ccccc1)Cc1ccnc2ccccc12)c1ccccc1
439,COc1ccc(C2=C(C#N)N(c3nc4ccc3o4)CCC2NC(N)=O)cc1
440,COc1ccc(Cl)cc1C(=O)c1ccc(CNC(=O)c2ccccc2)nn1
441,CC1=NC(c2ncn(CCCCCN3CCCC3)c(=O)n2)=N1
442,COc1c2ccc3c(CCCCN4CCCCC4)c2sc13
443,N#Cc1cccc(-c2cccc(NC3CCCN(c4ccc5cc4OC5=O)C3=O)c2)c1
444,CN=c1[nH]cccc1NC(=O)C(C)c1cccc(C(F)(F)F)c1
445,COc1ccc(OCCN2C(=O)C3NC(=O)N4C(=O)C3OC2C4C2CCCCCCC(=O)N2)cc1
446,CC(=O)N(C)CCC(C)NC1=CC=CSc2ccccc21
447,Cc1ccc(N(C)C(=O)c2c(C)sc(C(=O)c3ccccc3)c2C)cc1
448,COc1cccc(C(=O)CCCC(=O)Nc2ccc(C)cc2)c1
449,CCOC(=O)c1ccc(C(=O)OC(C)(C)CC(C)(C)C)c2ccc(OC)cc12
450,CCn1cc(OC)nc1NC(=O)NNC(=O)c1ccc(F)cc1
451,CC(C)(C)OC1C2CC(O2)C2C1OC1CCC(C(O)CO)OC1C(C)(C)C2COC(=O)C1=CC(=O)C=C1
452,Cn1c2nc3ccc2n2c1ccc(Cl)cc-2sc1ccccc1[nH]3
453,CCOC(CC)(OCC)OCCN(C)C(=O)OCCOC
454,COc1ccc(-c2cccc(Nc3ccccc3-c3ccccc3N(C)C)n2)cc1C(=O)N(C)C
455,CN1CC=CC=C1n1nc(C(=O)N2CCCCC2)nc1Nc1ccccc1
456,O=C(c1ccc([N+](=O)[O-])cc1)[N+](=O)[O-]
457,CN(C(=O)CNC(=O)C1CCCCC1)c1cccc(C(=O)N2CCSCC2)c1
458,CC1=CC=[N+](C)C1=CC1=CC=C1P(=O)(c1ccccc1)c1ccc(C)cc1
459,O=C(CCCCCCCCCNS(=O)(=O)O)N1CCCC1
460,Cc1ccc2nc3n(c2c1)CCN(CC(C(O)CN1CCCCC1)C(F)(F)c1ccccc1)C3=O
461,CC1(C)CCCN1c1cnc(-c2ccc(C(F)(F)F)cc2)n1Cc1ccccc1-c1ncccc1O
462,CC1C2CN(C(=O)C3=CC=C4C=C(C=C3Cl)CN(C4)C(=O)N2C)C(=O)N1S(=O)(=O)c1ccc(F)cc1
463,CCCCCCCCCC(=O)OC1OC(CCCCC)C(O)C(O)C1O
464,c1ncc2c(n1)CCCC(N1CCCCC1)C2N1CCCC1
465,CCC1CCCN1C1=Nc2nc(nc3c(F)cc(F)cc23)S1
466,CCN(C(=O)c1ccc(C)c2cc(OC)ccc12)C(C)(C)C
467,CCOC(=O)NC(=O)Nc1cccc(OC)c1
468,CCOC(=O)Nc1nc(-c2ccccc2)c(C(=O)Nc2cc(OC)ccc2OC)s1
469,CCOC(=O)C1(CC(=C2C(=O)c3ccc2s3)C(C)(C)C)CCC2CCCCN2C1=O
470,CCC(=O)NC(=O)C1=CC=C2C(C(=O)Nc3ccccc3)=CC=C12
471,Cc1c2n(C(=O)N3CCC3)c3ccccc3c3c-2nc1n(CCC(C)(C)C)c3=O
472,CCCCOc1ccc(C(=O)N(CC)CCN(C)C(=O)NC#N)ccc(O)cc#cccc(OC)c1
473,Cc1cn(C#N)c(N2C(=O)N(c3ccccc3C(=O)O)CCN3CCC2C3)n1
474,COc1c(Cl)cc(C(C)(C)CCCCCCCCn2c3nccc-3c[nH]c2=O)cc1Cl
475,Cc1cnc2c(n1)c1ccc(F)cc1n2CCN1CC1
476,CCCC(=O)Nc1nnc(C(Cl)=C2C=C2Cl)s1
477,COc1ccc(-c2ncc(C(N)C(=O)N(C)C)o2)cc1
478,COc1ccc(S(=O)(=O)N2CC(=O)N(C(=O)CC3=CC=C(Cl)CC3)CC2=O)cc1
479,COC(=O)c1ccc(C(C)=O)n1-c1cc(OC)ccc1OC
480,CN(C)C(=O)N(C)CCCOc1ccc(-c2sccc2N=Nc2ccccc2)cc1
481,COc1cccc(S(=O)(=O)NC(Cc2cccc3cc(F)ccc23)C(O)c2ccccc2)c1
482,CCN(C(=O)OC)C(=O)c1cccn(-c2ccccc2)c1=O
483,CCOP(=O)(OC1C(O)C(O)OC(OP(=O)(O)O)C1O)OP(=O)(O)O
484,Cc1ccccc1N(C(=O)c1cccc(F)c1)C(=S)N=C(NC(=O)c1ccc(F)c(F)c1)NC(=O)N(C)C
485,NS(=O)(=O)C=C(Cl)c1ccsn1
486,CCCCN(C=c1c2cc3nnc1n3c(N1CCCCC1)n2)c1cccc(F)c1
487,CCCCCc1ccc(C(=O)c2cc(Cl)c(C(=O)NCC)s2)s1
488,CC(=O)N1CCN(C(=O)c2c(C)sc3nc4ccccc4c(=O)n23)CC1
489,Nc1nc(N)n2ccc(OCc3ccccc3)c2n1
490,COCC(=O)N1COc2cc3ccc(NS(=O)(=O)c4ccc5c(c4)CCC5)sc-3c21
491,CCOc1cc2cc(Br)c3cc(CN4CC4)ccc2c13
492,O=C1C(c2cccc(S(=O)(=O)N3CCCCCCC3)c2)=Cc2ccc(CN3CCOC(=O)C(O)C3)cc21
493,c1ccc(-c2nc3nc4ccc(s2)c-3c4)cc1
494,CCOC(=O)CN(CCCc1ncnc(C(F)(F)c2ccc(OC)cc2)n1)CCOc1ccc(OC)cc1
495,Cc1cn2c(C(=O)NCCCN(CCNC(=O)c3ccccc3)C(C)C)c(C)oc2n1
496,O=C1CCCN1C1CCN2C(=O)c3cccc(c3)-c3ccc(c(Br)c3)SC2C1
497,COc1ccc2c(c1)CCN(C(=O)N1CCN(CCN3CCCCC3)C1=O)c1ccccc1S2
498,NC1=Nc2n[nH]c3c(ccc(OCCCN4CCCC(C5CCCCCC6CCCN6C5=O)C4=O)c23)N1
499,CCN1CCN(C(=O)C2=C3N=C(Oc4cccc(OC)c4)C2=N3)CC1
500,CCOc1ccc(F)c(-n2c(-c3cccs3)cc3[nH]c(N4CCNC4=O)nc32)c1C(F)(F)F
501,O=C(CCc1ccccc1)Nc1cccc(N2CCCCC2=O)n1
502,CC1(n2c3nc4cc-3ccc42)CCCCC1
503,CS(=O)(=O)N1CCN(C(=O)c2c(Cl)cnc3c4ccc(cc4)c23)CC1
504,COC(=O)c1cc(C(=O)c2nc3ccccc3s2)sc1CCC(C)(C)C
505,COc1ccc(C)ccccc2c1oc(=O)n2C(=O)NCCS(=O)(=O)NC(=O)c1ccccc1
506,CC1(C)CC2NC(=O)C(CCN3CCOCC3)(CCN3CCn4c(cc5cc(Cl)ccc54)S3(=O)=O)C2O1
507,CC(C)(C)C1=CC(=O)CCC1
508,c1ccc2c(c1)C1=Nc3nc(CCCCCCN4CCCCC4)cc1c3-2
509,COC(=O)CCNC(=O)Nc1ccncc1
510,COc1ccccc1C(=O)N1CCCC1C1(C#N)CCN(C(=O)C2CN3CCCN(C2)C3=O)C1
511,COC(=O)C=C(NS(=O)(=O)c1cc(C(=O)NC(C)(C)C)ccc1[N+](=O)[O-])C(=O)NC(C)C
512,CN(C(=O)c1ccc(Nc2cccc(C(=O)N3CC3)c2)c2ccccc12)C1(C)C=C1
513,CC1(C)CCCC(N2CCC(NC(=O)N3CCCCC3)=NC2=O)C1
514,CCC(=O)Nc1nc(C)ccc1C(=O)NCCN1CCCCC1
515,Fc1ccc(-c2nc(-c3ccccc3)n(-c3ccccc3)n2)cc1
516,Cn1cccc1CCCCCCCn1c(=O)c2cnc1s2
517,CC(=O)Nc1nc2cnc(C(=O)N(C)C)cc2c(=O)[nH]1
518,Fc1ccc(COC2CC2Nc2nnc(-c3ccccc3)s2)cc1
519,COc1cccc(C(=O)N(c2ccccc2C#N)C2CN3C(=O)OC(C3=O)C2C(C)C(C)(C)C)c1
520,COC(=O)N1CC(C(=O)NC(C)c2cccs2)N(C(=O)NC2CCCCC2)C1C(=O)O
521,COc1ccc(CN2CCC(NCCC3=CC(=O)C(NC(=O)c4ccccc4)=N3)C2)cc1
522,c1ccc2c(c1)CCCN2CCC1CCCC1
523,COC=CN(C)c1ccc(OC)cc1-c1cc2ccc1[nH]c2=O
524,CC=CC=C(C)N=C(NC(=O)NCCC)c1ccccc1OC
525,Cc1nnc(-c2ccc(Cl)cc2C(C)(C)C)s1
526,CCOc1cc2c(cc1OC)N(C(=O)N1C(=O)NC3CCCC31)C1CN2C1=O
527,COc1ccc(-c2nnc3n(C(=O)Cc4cc(C(F)(F)F)ccc4Cl)cccc2-3)cc1
528,CC(C)NC(=O)C(=Cc1cccc(Cl)c1)CSc1ncnc(=O)[nH]1
529,O=C1N2CCC(CC2)N1c1ccc(Cl)cn1
530,CCCN(C)CC(=O)NCCn1c(SCC)nc2ncccc21
531,CCCCCCCCCCOCCOC(OCCC)OCCOP(=O)(O)O
532,CC1(C(=O)n2c3ccc2c(N2CCCN(CC(=O)N4CCCCC4)C2=O)n3)CCCCC1
533,Cc1cc(Cl)ccc1S(=O)(=O)N(CCCN(C)C)Cc1ccc(O)c(C#N)c1Cl
534,FC(F)(F)c1cc(Cl)ccc1N=c1occs1
535,COC1=CC=C(F)C=CC=C2C3=NC(=O)N(C3=O)C1S2(=O)=O
536,Cn1c(=O)[nH]c(=O)n(CCCCOc2ccc(C#N)cc2)c1=O
537,CSc1cccnc1N(N)C(=O)Nc1cccc(-c2ccccc2)c1
538,CN(C)c1cccc(S(N)(=O)=O)cc(Cl)ccc(-c2ccccc2Cl)nn(C)n1
539,COc1ccc(C(=O)N2C(=O)c3ccccc32)cc1
540,CC(=O)OCCN(CCCN(C(C)=O)c1nc2c(C(=O)c3ccc(Br)cc3)nc1n2C)C(C)=O
541,CN(C)CCCNC(=O)N1CCCC1
542,COc1ccc(F)cc1C1=C(C#N)C(C)(C)CCC1=O
543,O=C(NCCc1cccn1-c1ccccc1)c1ccc2n1CCCN2C(=O)c1ccc(Cl)cc1
544,CN(C(=O)C=Cc1ccccc1)C(=O)CC(=O)NCc1ccc(F)cn1
545,Cn1ccc2cc(S(N)(=O)=O)ccc2n(N)c(-c2cccc(F)c2)n1
546,CC1CCCCN1C(=O)NC(=O)c1nnccc1C=CC(Cl)=CC=C1C=CC=C1
547,CCOc1ccc(Cl)cc1C(Cl)=CC=C1C(=O)OCC(=O)N1C
548,OC1=Nc2c(Cl)cc(Cl)c(O)c2C(c2ccccc2)=NN1
549,O=C(O)C1(Cl)C=CC=C([N+](=O)[O-])C1
550,C=CC(=CSC#N)C(=O)O
551,COc1ccc(N2CCON=C2Sc2ccc(C)c(C)c2C)cc1
552,CC1CC(OC(=O)C(C)(C)C)CCC1NC(=O)NCCCNC(=O)c1cc2c(=O)n(c1)N=C2
553,CCNC(=O)c1ccc2cc1ccc2=CC=CC(=CC=C(F)C#N)OC
554,CC(C)(C(=O)c1ccccc1C(=O)Oc1ccc([N+](=O)[O-])cc1)C1CCCCC1
555,CCOc1cc(C=C(C=Nc2cccc(S(=O)(=O)N3CCNC3=O)c2)OC)cc(OC)c1
556,O=C1CCN(c2ccccc2)C(=O)N1c1ccc(Br)cc1Cl
557,O=C(Nc1cccc(C(=O)N2c3ccc(nc3)S2(=O)=O)c1)C1CCCO1
558,N#Cc1ncc2c(n1)N(c1ccc(NC(=O)c3ccccc3)cc1)CCN(CCN1CCCCC1)C2=O
559,O=C(CCCCCOC1=CC=C1Br)N1CCCC1=O
560,COc1ccc(OC=CC=C2c3cc4cc(O)c3C(C(O)C2Oc2ccccc2OC)C4(C)C)cc1
561,CN1CCn2c(-c3ccc(C(=O)N4CCN(c5ccccc5)C4=O)s3)c1c1ccc(F)cc12
562,O=C(c1ccccc1)c1nc(Nc2ccc([N+](=O)[O-])cc2)nc2ccccc12
563,COc1cccn1C(c1ccc(O)cc1)N(C)c1csc2ccccc12
564,COc1cccc(N2CCOC2=Nc2nc(=Nc3ccccc3)[nH]c(=O)n2C)c1
565,CCN1C=CC(OC)=CC=C(OC)c2cc(ccc2C(=O)NNC(=O)c2cccc(OC)c2)C1=O
566,O=C(CN1CCC1)Nc1ccnc(N(c2ccccc2)c2ccccc2)n1
567,FC(F)(F)c1ccc(CCCN(Cc2ccccc2)c2ncncn2)cc1
568,Cc1cc2ccc1cc2OCCOC(O)C(C)OC(C)C
569,CCN(C(=O)C1=CC2=CC=C1C2(F)F)C(=O)N1CCN(C(=O)C#N)C1=O
570,COc1ccc(OC)c(-n2c3c(-c4ccco4)n(c2=O)C(CCN(C)C)S3)c1
571,COc1ccccc1Oc1cccc2ccc(F)cc12
572,C=CC=C1C(=O)N2CCC1OC(C)C2
573,O=C(NC(=O)N1CCC2CC(=O)N(CCN3CCOCCC1C3=O)C(=O)N2)c1ccccc1
574,COc1ccc2sc(SC(=NC(=O)N3CCCCC3)SC)nc2c1
575,COc1ccc(-c2[nH]c3nc2CC3)c(C(F)(F)C2CCCCN2)c1
576,N#Cc1cnc(Nc2ccccc2-c2ccc(-c3ccccc3)cc2)s1
577,CC(C)(C)OC(=O)C1=CCCC=C1
578,CSc1nn(-c2ccccc2)c2ncccc3c4ccc(c3n4)n12
579,COc1ccccc1S(=O)(=O)N1CCCC(N2C3=CN=NC2=C2C=CC=CC4=C3CCN(C4)C2=O)C1
580,COc1cccc(NC(=O)c2cc[nH]c2N=C(N)c2cccc(-c3nnc[nH]3)c2)c1OC
581,N=Nc1ccc(NC(=O)NCCNCc2ccc3ccccc3c2)cc1
582,CCCCCCCCOCCOC
583,CN(C)C(=O)C(=CC=C(F)F)C(=O)Nc1ccc(Cl)cc1
584,CC1=CC=c2c(cccc2=CNC(=O)NC(=O)c2ccc3cc2OCO3)N1
585,Nc1ccc(C=C(O)C=Cc2ccccc2)cc1
586,CCOc1ccc2c(c1)-c1cc(cc(N(C)c3cccnc3)n1)C(=O)NCCN1CCN(CC1=O)S2(=O)=O
587,Nc1nc2nc(=O)n1S(=O)(=O)N2CCOc1ccc(C=CCl)c(Cl)c1
588,CN(CCC(C)(C)C(C)(C)C)C(=O)C1=C(Br)Oc2cc1ccc2NC(=O)N1CCCCC1
589,Cc1cc(NC(=O)NC2C(C)OC3C2n2c(=O)c(C)cn3c2=O)c(F)cn1
590,COc1ccc(C2=C3C(=O)N(C)Cc4sc(nc43)N2)cc1I
591,COC(=O)C=CC=C1C(=O)c2ccccc2N(CCCC(=O)NCCOc2cccnc2)C1=O
592,C=C(Cl)c1cc(Cl)ccc1SCCN1CCNC1=O
593,CC1COC(C2OC(O)C(O)C2O)N(S(=O)(=O)c2ccc(O)c3ccccc23)C1
594,CCCN1C(=O)N2C(=O)N(S(=O)(=O)c3ccc4c(F)cccc4c3)CCC2C(O)C1CC(C)(C)C
595,COc1cc2ccccc2c(C=C(C=Cc2ccco2)C(=O)OCCNC(=O)CCNC(C)=O)c1Br
596,CC1OC(Oc2cccc(Cl)c2)N2c3ccccc3C(C)(C)C12
597,CCCCCCCc1cc2sc1C2=O
598,COC(=O)c1cccc(C2C(C)=C(C(=O)OC(C)(C)C)C(=O)OC2C(C)(C)C)c1
599,CC(C)(C)[N+](=O)c1ccc(Cl)c(C(=O)N2CCCC2)c1
600,CC1(C)CCCCC2=CC2=C1NC(=O)N1CCCCC1
601,COc1ccc(C)cc1N1CCCN(C2CCCC2)C1=O
602,C=CC=Cc1ccccc1-c1cnc(N)cc1-n1c2ncc1c(=O)o2
603,O=C(CCCCC1CCCCC1)N1CCN(S(=O)(=O)c2ccccc2)C1
604,COP(=O)(OCCCCN1CCN(C)C1=O)C1=C2C=C(C)C=C2C([N+](=O)[O-])=C1
605,CCN(CCOCCN1C=NC=c2nc3c(nc21)=C(Cl)C=CN3)C(=O)c1cc(Cl)ccc1C
606,O=C1C=CC=C([N+](=O)[O-])CCN(C(=O)c2ccccc2)CC1
607,COc1ccccc1C(=O)OCCCCOC(=O)C1OC2C3OC(=O)OC2C13
608,CCN1C(C)(C)CN2CCC1(CNc1nc(OC)c3cc(C(=O)N4CCCC4)nc-3s1)C2=O
609,CCn1c2c(n(C(C(=O)OC(C)C)N3CC3)c1=O)C(=O)c1ccccc1-2
610,CC(C)(C)N1CCCC(C)(C(C)(C(=O)c2cc(F)ccc2F)C2CCCCC2)C1=O
611,CCC(=O)NN(c1ccc(Cl)c2ccc(C=CC=C(C)c3ccc(Cl)cc3)cc12)S(C)(=O)=O
612,CC(=O)Nc1cc(C(=O)c2cc(Cl)ccc2Cl)c2ccc(C)nc2n1
613,CC(C1OC2COC1C2C(=O)Nc1ncc(C(F)(F)F)s1)N1C(=O)N(C2CCCCC2)C1=S
614,CCCCCCCC(=O)C(=CC=C1C(=O)c2ccc1cc2)OC
615,CCCCN(C)Cc1nc(NC(=O)NCc2ccccc2)c2nc3nc(n12)N=N3
616,CCOC(C)(C)OC
617,CCOC(=O)C(C(=O)c1ccc(C)cc1)=C(C=C(C(=O)OC)C(=O)OC)C(=O)OC
618,CCOC(=C1Sc2ccc1cc2N1CCNC1=O)c1ncccc1C(F)(F)F
619,CNC(=O)NC(=Nc1ccc(C(=O)NC)c2ccccc12)SC
620,O=C(NC1=NN=C=N1)c1cccc(C(F)(F)F)c1
621,COc1cnn(CCc2ccccc2)c1N(CCc1ccccc1)C(=O)c1ccccn1
622,CN1C(=O)c2ccccc2C(=Cn2nnn3ccnc23)N(C(=O)c2ccccc2)CCC1CNC(=O)c1ccccc1
623,CN(C(=O)c1nc(C#N)c(C(=O)N2CCCCC2)n1-c1ccc(Cl)cc1)c1ccc(F)cc1
624,CCCC(=O)Nc1ccc(-c2nnn[nH]2)c(N2CCCC2=O)n1
625,CC(C(=O)N1CCN(C)CC1)C(O)c1cn(-c2ccccc2)c(-c2ccccc2)n1
626,CC1=NC2=NC=C(C3CCCCC3)C2=C1
627,CSc1ccc([N+](=O)[O-])cc1C(=O)N(C)CCCNC(C)=O
628,CCCCc1ccc2nc1n1cccc1c(=O)[nH]nc2-c1ccc(C(N)=O)cc1
629,CC(=O)N1CCN(C2CCN(C(=O)c3cc4cc-4c3-c3cccc(S(=O)(=O)N4CCCC4)c3)C2)CC1
630,NC(=O)CCCOCCCn1c(=Nc2cccc3ccccc23)sc2ccccc21
631,Cn1cc2nc1C(NC1=Nc3nnc(s3)S1)=C2Oc1ccccc1
632,CCCCCC1=CC=C(C(C)=O)C1=O
633,COc1cc2ccccc2cc1C(=O)N1CCN2CCN(CCC3(CC3)C1)C2=O
634,O=C(N1CCCC(CC2CC2)C1)N1CCn2c3ccc(Cl)c4c3nc1nc42
635,CCCCCCCCOC(O)(OCCN(CC)CCOC)OC(O)(O)OCCO
636,Cc1nc(N(C)C)sc1C
637,CCCCN(C(=O)c1ccc(OC)cc1)C(=O)c1nc2sc1c(=O)n2CC
638,COC1=C(C(=O)N2CCCCC2)C(=O)C(=O)N(C)C1=O
639,COc1cccc(-c2cc3cc(C(F)(F)F)ccc3n2C(=O)N2CCOCC2)c1
640,c1nc2n(CN3CCCCC3)c3c(N4CCCC4)n2c1-3
641,CCOC(=O)Nc1ccc(NS(=O)(=O)C(=Cc2ccccc2F)CC)cc1
642,CCN1C(=O)C(C2CCOC(=O)N2)NC(=O)C1=CC=COC
643,CCn1c2ncc-2c1=O
644,CN(C#Cc1cccc(Br)c1)C(=O)N(CCN1CCN(C)C(=O)C1)S(=O)(=O)c1ccccc1
645,COc1ccc(NC(=O)N2CCNC2=O)cc1
646,CC(C)(C)Cc1ccccc1C(=O)n1c(=O)c2ccc1o2
647,Cn1cccc(C(=O)N(C(=O)c2ccccc2)c2ccccc2C(=O)N2CCCC2=O)c1=O
648,CC(C)CCN(C)c1nc(C(F)(F)c2ccccc2)cc(=O)[nH]1
649,CCN(CCN(C(=O)c1ccccc1)c1cccc(OC)n1)C(=O)O
650,CS(=O)(=O)N1CCN(C(=O)c2ccccc2)C(c2ccccc2)=N1
651,Cc1ccc(C(C)C(=O)Nc2cc3c4cc2nc3N=N4)cc1
652,O=S(=O)(O)c1nc(-c2sc3ccnc-3c(Cl)c2-c2ccsc2)c2ccncn12
653,Cc1cccnc1N(Cc1ccccc1)C(=O)Nc1ccccc1
654,O=C1CCCCN1S(=O)(=O)N1CCCCCCC1
655,CC(C)(C)OC(=O)C(C)(C)CC1CCCCC1
656,CN1CCN(C(=O)c2cc(-c3ccc(Cl)c([N+](=O)[O-])c3)[nH]n2)CC1
657,CC(=O)N(CCN1C(=O)c2ccccc2C1=O)C1CCCC(C(=O)OCC(=O)Nc2ccccc2)C1
658,CC(C)CNc1nc(C#N)c2scccc1-2
659,ClC1=CC=C(Cl)C=C(CC2CCCCN3CC23)C=C1
660,CCOc1ccccc1-c1c2nc(n1-c1ccc(C(F)(F)Cl)cc1)NC2=O
661,COc1ccc(NC(=O)NCC(N)C(=O)NCCCCCCSc2cccc3ccccc23)cc1
662,CCCNC(=O)c1ccc(C(=O)c2ccc(C(C)(C)C)cc2)o1
663,CN(CC(=O)n1c(=O)c2cc3c4ccc(cc24)c31)C(=O)CC1OCC2CN(C(=O)c3ccccc3)C1O2
664,O=C(NC(=O)c1c(Cl)cccc1C1=CC=C2SC1=CC=C2Cl)Nc1ccc(Cl)cc1
665,CCCN(CC)c1nnc(CN2N=NC3=CC2=C3)s1
666,CCCCOP(=O)(OCC)OP(=O)(O)OCCNC(=O)Nc1n[n+]2c(C(=O)O)cccc2s1
667,CC(C)(C)CCCCn1c(C(=O)N2CCC(=O)NC2)nc2ccccc21
668,COc1ccccc1C(=O)c1cc(OC(C)=O)cc2ccc(OCCCC(=O)N3CCCCC3)cc12
669,O=C(NCc1ccc(Cl)cc1Cl)N1CCCC2CCCC21
670,C=C(C=CN1CCN2CCN(C1=O)c1cccc(c1)N(S(=O)(=O)c1cccc(OC)c1)CC2)OCC
671,NC1=Nc2ncccc21
672,NS(=O)(=O)Cc1ccccc2cc(C(F)(F)F)ccc2ncc1
673,CC(C(=O)c1cccc(O)c1)C1OC(=O)NC(c2ccc(C#N)cc2)C1C(=O)N1CCN(c2ccc(O)cc2)CC1C(=O)O
674,O=C(NCCCNc1ccccn1)c1ccc(CCCC(F)(F)c2ccco2)c2c1=CC=2
675,O=C(NC(=O)N1CC=CSCCC1)c1cccc(Cl)c1
676,CN(C)C(=O)N(CCC(=O)O)CCc1cc2ccc(-c3ccc4ccc(Cl)cc4c3)oc-2c1
677,COC(=O)C(C=Cc1ccccc1)=CC(=O)CN(C(C)=O)C(=O)c1ccc(Br)cc1
678,ClC1=c2c3nc(n2CCCN(c2cccc(Cl)c2)C=3c2ccc[nH]2)C=C1
679,N#Cc1cccc2c3nc(N)nc(-c4c(Cl)cccc4Cl)ccc(s3)c12
680,Cc1ccc(CN=C(Nc2nnc(N)s2)N(C)c2ccccc2)cc1
681,O=C(Nc1c(Oc2ccc(Cl)cc2)c2ccc1[nH]2)c1ccccc1
682,Cn1c(=O)n(CCC(C)(C)C)c2ccccc21
683,NC(=O)NCC(=O)Nc1nc2ccc1c1ccccc21
684,CCOc1cc(Oc2ccc(Cl)cc2)ccc1S(=O)(=O)N(CC)C1=Nc2ccnc(n2)S1
685,O=C(N1CCCCC1)N1CCN(C23CCN(CC2)CC3)c2cc(C(F)(F)F)ccc21
686,Cc1cccc(Cn2cccc2C(=Nc2nc3ccccc3c(=O)[nH]2)C(=O)Nc2ccc([N+](=O)[O-])cc2)c1
687,O=C(c1ccccc1O)N1CCN2C(=O)CCCC2C1
688,CCc1cc2c(C(F)(F)F)n(C)c(=O)n(CCN(C)c3nccc(N)n3)c-2n1
689,CC1OC(=O)C(C)(C)C2C1CCCN2Cc1ccc2c3c1c(=O)n1c(=O)c3c21
690,COc1ccc2c(c1)C(=O)N(CCCC(=O)N1CCCCC1)C2=O
691,CNc1ccc(N2CCN(C(=O)Nc3ccccc3Cl)CC2)c2ccc(OC)cc12
692,O=C(Nc1ccccc1)N1CCN(C(=O)N2CCc3ccccc3C2=O)CC1
693,CCOc1ccccc1CN1CN(C(=O)N2CCCCC2=O)CC(=C(c2ccc(C(F)(F)F)cc2)C(F)(F)F)C1=O
694,CN(C)CCN1C(=O)c2cc(Cl)c(Cl)n2C1=O
695,CCSC(=NC(C)=NC=CC=Cc1ccccc1)NC(=O)c1ccccc1
696,Clc1ccc2c(-n3cnc(-c4cccc5ccccc45)n3)cccc2c1
697,O=S(=O)(O)c1cc(Cl)cc(Cl)c1
698,CN(C)COCNCCN(C)C(N)=O
699,COc1cc(C(=O)N2CCCCC2)ccc1C(C)(C)C1=CCCCC12CCCCC2
700,N=C(N)Nc1nc2c(nc(C=Cc3ccccc3Cl)nc(Nc3ccccc3Cl)s1)CCCS2
701,COc1ccc(-c2cc3c(-c4ccc([N+](=O)[O-])cc4)c(c2C#N)C(=O)O3)cc1
702,Cn1c(=O)c(=Nc2cccc(Cl)c2)c2nc3c(cc4ccc5cccccc3c4c5)c1=2
703,CCC(OS(=O)(=O)OC)C(C)OC(=O)Nc1nccc(OC)n1
704,CCN(CC)C(=O)c1cc(F)cc(-c2ccc(C(=O)N3CCCC3)o2)n1
705,NC(=O)c1ccc(N2CCCC2)c(SCCN2CCCCC2)c1
706,COc1c(OC)c2oc(C(=O)O)cccc3cc(Cl)cc2c3c1S(N)(=O)=O
707,COc1cccc(-c2nc3ccc([nH]c(=O)c3=O)c3ccccc3c(=O)[nH]2)c1OC
708,CNCC1CN(S(=O)(=O)NC2=CC=CC=CC=C2)CCO1
709,Cc1nc(Nc2c(O)ccc3cc([N+](=O)[O-])cc(F)c23)n(C)n1
710,COc1cc(Cl)ccc1-n1c(C(=O)N2CCOCC2)ccc1C1CC1
711,c1ccc2c(OC3CCCN4CCCC34)cccc2c1
712,COC(=Cc1cc(OC)ccc1OC)C(=O)NC1CCN(C)CC1
713,Cc1cccn1C1C(CN2CCN(c3cccc(F)c3)C2=O)C(O)C1(C)C
714,CCC1CCCCN1C(=O)C1=C2CCN(CC2)C1=O
715,COc1cc2ccc1OCC1=CC(NC(=O)N(C)C)=CC(=O)C3=CC2=C(Cl)C3=CC=C1Cl
716,COc1cccc(C2=C(C#N)C(=O)N3CC(N4CCCC4)C(N4CCCCC4)C2(C)C3)c1
717,CCCc1nc(Sc2ncn(C(C)C)n2)n[nH]1
718,CCCN(C)C(=O)N(CC)C(C(=O)OC)C(O)C1NC(=O)NC2CCN(CC)C(=O)C21
719,C#CC(=O)N(CCCOc1cccccc(C(=O)N2CCCC2)ccc1)S(C)(=O)=O
720,COc1ccc2nc(Sc3sc(SC)nc3C)n(C)c2c1
721,CCO[Si](C)(OC)OCCBr
722,CN(C)C(=O)c1cc(C(=O)O)ccc1-c1nc2c(o1)C(=O)n1c(cccc1=O)C2=O
723,COc1ccc(NC(=O)CN2COc3c(oc4ccccc34)C2=O)cc1
724,CC1(C)CCN(C(=O)c2ccccc2)S(=O)(=O)c2ccc3c4ccc(c3c2O1)OS4(=O)=O
725,O=C(CC1CC2CCN1CC2)n1c(-c2ccccc2)n[nH]c1=O
726,CCC(=O)OC1=CC=C(C)C(c2cc(OC)ccc2Cl)C1OC(C)=O
727,C(=NN=C(N=C(c1ccccc1)n1cccc1)NCc1ccccc1)c1ccccc1
728,COc1ccc2c(c1)Sc1ccc3cc1N2CCCCN3S(=O)(=O)c1ccccc1Cl
729,CC1=NC(=O)c2c(C)ccc1c2C(=O)c1ccccc1Cl
730,O=C(OCCOc1ccc2cc1C2=O)c1ccccc1
731,CC1CCC(C(=O)Oc2ccccc2C#N)O1
732,CCN(Cc1ccc(Cl)cc1)C(=O)c1cnc2cc(Cl)ccc2c1
733,O=C(Nc1ccccn1)Nc1cc(Cl)ccc1Br
734,N#CN1CCN2CCCCCn3c4cc(c3nc41)C2=O
735,CC(C)(C)CCCC1CCC(CCOC(=O)CN2C(=O)c3c(c4ccc3cc4)C2=O)C1
736,CC(C(=O)OC(C)(C)C)C(C)(C)OC(=O)C1=CCCCC1
737,CC(C)(CCn1ccc(=O)c2ccccc21)C(=O)C(C)(C)CN1CCCC1
738,Cc1nnc2sc(CCCCCCC#N)c(C(=O)N(C)C(=O)C3(C(=O)O)CCCC3)n12
739,Cc1nc2c(ncc3cnc(-c4cccc(C(F)(F)F)c4)cc32)[nH]1
740,CCCCCCCCCCCCC(=O)OC(=O)C1=[N+]([O-])CCC12CCCCC2
741,COc1ccc2c(c1)N(C)c1ccccc1N2
742,CCN(C(=O)c1ccc(C)s1)C(=O)N1CCCN(C(C)=O)C1=O
743,C=C(Cc1ccccc1C(=O)Nc1cccc(C(=O)N2CCN3CCCC(O)C3C2)c1C#N)C(=O)OC
744,CCCCOC(=O)c1ccc2cccc-2s1
745,Cc1cc(OCCN2C3CCC4CC2C(C2CC2)C43)ccc1C1=CC=C[N+]1=O
746,CC1OCCN(C(=O)N(C(=O)c2ccccc2)C(=O)c2ccccc2)C1C
747,c1cc2c(cc1CCCC1CCCCC1)[N+](C1CCCCC1)=N2
748,COC(=O)C1(c2ccc(OC)cc2)C(=O)c2ccccc2C1=O
749,N#CCc1ccc(C(N)=O)cc1
750,Nc1nn(-c2ccc(Br)cc2)cc1C(=O)NC1CCNC1=O
751,CN(C=Cc1cccc(N2CCN(c3cccnc3)CC2)c1)c1nccs1
752,COP(=O)(O)OCC(=O)NCCc1nc2ccccc2s1
753,CCCn1nnc2nc(F)ccc(c1=O)-c(=O)-c1ccccc1-2
754,CN(C)C(=O)c1cc(-c2cccc(C(F)(F)F)c2)cc(S(=O)(=O)c2cc3ccc2nn3)c1
755,CCCCCCCCCCCc1sc(C)cc1-c1csc(N)n1
756,CC(C)(C)OC(=O)C1CCCCC1
757,FC1(F)CN(C2CC3CN4CCCC4N(C3)C2)C2=NC1=N2
758,CC(=O)NC(=O)c1cc(F)c(C)c(=O)n2c(cc3ccccc13)S2(=O)=O
759,COc1ccc(Nc2nnc(-c3ccccc3C#N)s2)cc1C(=O)NC(C)C
760,COc1c(OC)c(OC)c2c3c(ccc2c1C(=O)N1CCN(C)C1)CCC3
761,O=C(NCCCCc1cn2c(n1)sc1occ(Cl)c12)c1ccc(Cl)cc1
762,CCc1cccc(N(CCCN(C(=O)O)C(=O)c2cccc(OC)c2)C(=O)c2ccccc2)n1
763,CCOC(=O)c1cc2c(cc1C)-c1ccc(Br)cc1C2=O
764,O=C=NC(=O)N(c1cc(Br)ccc1Br)S(=O)(=O)c1cc(Br)ccc1Br
765,O=C(NC1CCN(c2ccc(Cl)c3ccc(Cl)cc23)C1)c1ccccc1Cl
766,CCOc1ccc(-c2c(C)cnn2C)c2ccc(C(F)(F)F)cc12
767,CNC(=O)N1C=CNC1=C(O)Br
768,CC1(C)C(CCCC2CCCCC2)C(=O)C2COC(=O)C1C2(C)C
769,COC1=Cc2cc3ccc2C(=O)C12CCCC(CCCOC(C)=O)N2S3(=O)=O
770,N=C(N=C(C(=O)O)c1ccccc1)Nc1cccc(Cl)c1
771,CN1CC(C(C(O)CC(F)(F)F)N(CCCC(=N)Nc2cccc(Cl)c2)C(=O)c2ccc(Cl)cc2)OC1=O
772,COc1ccc(NC(=NC(C)=C2Sc3ccc2s3)N(CCN)c2ccccc2N)cc1
773,CCCC(C)(C(C)(C)C)C(C)(C)OC(=O)c1cc(Cl)ccc1C(=O)c1ccc(OC)cc1
774,O=C(c1ncnn1-c1ccc(Cl)cc1)N1CCCC1
775,CCOc1ccc2c(c1)N2
776,COC(=O)C(=CC=C(F)c1ccc(F)cc1)C(F)(F)F
777,NC(=O)C1Cn2c(cn(CCOc3ccc(Cl)cc3Cl)c2=O)C(=O)N1
778,Cn1c(=O)c2ccccc2n(C(=O)c2ccccc2NC(=O)c2ccccc2)c1=O
779,COc1ccccc1N(C(C)=O)C(=O)c1ccc(C#N)cc1C
780,COc1cccc(-n2c(C(=O)NCCN3C(=O)C3=C3CCCN3C(C)=O)cc3cc(OC)cnc32)c1
781,Cc1ccc2cc3c4nc(nn4c2n1)n3CN1CCCCC1
782,CCC1CCN(S(=O)(=O)c2ccc(OC)c(C#N)c2)CC1
783,C=C1C=C1C(=O)NCCCN1C(=O)CCCN(C)C1=O
784,CC(C)(C)C1=CC(C(=O)NC(=O)N2CCCC(Cc3ccccc3)C2)=C1
785,O=C(NC1CCOC1=O)C1CCCC1
786,Cc1cccc(OCC2CN3CC4C2C3CN4C(=O)c2ccccc2-c2cc(F)ccn2)c1
787,CCc1nnc(-c2cc(Cl)cc3cc(OC)cc(C)c23)n1C
788,Cc1ccc(-c2cccs2)c2c1C(=O)N(CCCN(C)C(=O)c1ccccc1)C2=O
789,COc1ccc(S(=O)(=O)OC(C)(C)C)cc1Oc1ccccc1C=c1c2cccc(c2)c(=O)n1C
790,COc1ccc(S(=O)(=O)N2CCC(CN3C(=O)OC(OC(C)C(=O)N(C)C)C3O)CC2)cc1
791,O=C(NCC(C=Cc1ccccc1)=CCl)C(C(=O)c1ccccc1)N1CCc2c(ccc3ccc(Cl)cc23)C1=O
792,CCN(C)C(=O)Nc1ccc(OC2=C3C=C(C2=O)C2=CC=C23)c(OC)c1
793,COCCCNC(=O)c1nc2nc3n4c(c([N+](=O)[O-])n1)C1CC(C4)N(C1)C(=N3)S2
794,C=C(C#N)C(=O)N1CCCOCC1
795,COc1cccc(CN2CCCN(c3ccc[nH]c3=O)CC2)c1
796,COc1ccc(Cl)c(S(=O)(=O)Nc2ccc(NC(=O)N3CCCCC3)cc2F)c1
797,CC(C)N(Cc1ccnc(Nc2ccc(-c3nc(N)n[nH]3)cc2)n1)c1ccccc1C(F)(F)F
798,CC(=O)N1CCCN(C(=O)NCCCCCNC(=O)c2ccccc2C#N)C1=O
799,CN(CCC12CCCN(CC1)C2=O)C(=O)c1cccc(-c2ccc(F)nc2N2CCCCC2=O)c1
800,CC(C)CN1CCN(c2cccn2-c2ccc3c(c2)CCCN3C(=O)c2ccc(C#N)cc2)CC1
801,CCOc1cccc2c1c1ccccc1n2C
802,COc1ccc2c3cc(cc2c1)CCN(CCOc1ccc(C(F)(F)F)cc1)C(=O)C(C)=C3C
803,NC1=NN=C2SC(=CC=C2C(F)(F)F)C=C(S(=O)(=O)Nc2cccc(C(F)(F)F)c2)C(O)=C1
804,Cn1c(=O)n2cc1sc1nnc2s1
805,O=C(C1=C2CCCCCCN(CC2)C1=O)c1ccc(-c2ccccc2)[nH]1
806,CCCCCCCCCCCCCCCCC(=O)NCCC
807,CCOC(=O)c1ccc(Sc2ccc(C)nc2-c2ccccc2OC)c(C)c1
808,N#Cc1ccc(N(CCN2CCCC2)C23CCN(CC2)C(=O)C3)cc1
809,Cc1ccc(N(CCNc2nc3ncccc3s2)c2ccccc2)cc1
810,CC(NC(=O)c1cccc(C(=O)OCC(=O)O)c1)C(=O)O
811,O=C1COCCN1CCCCCCC(=CC=C(Cl)C=Cc1ccc(Cl)cc1)c1ccccc1
812,CN(C(=O)c1ccc(OCCNC(=O)c2ccc3ccccc3c2)cc1)c1ccccc1
813,CC(C)(C)CC1CCCCN1Cc1c2ccc3cc2[nH]c13
814,COc1ccc2c(c1)cc(C)n2CCCC(=O)N1CCCCC1
815,COc1ccc(C(=Nc2nn(C)cc2-c2ccccc2)C(C)=O)cc1
816,COc1ccccc1C(=O)Nc1nnc(SC2=NC=CC(F)(F)C2=O)s1
817,COc1ccc(C(=O)N2CCN(C(=O)N(c3ccccc3)c3cccc(F)c3)C2=O)cc1
818,COC(=O)CCNC(=O)OC1=CC=C1F
819,CCN(C(=O)c1ccc(C)cc1)C(=O)c1cn2c(=O)c2ccc[nH]1
820,Clc1ccc(CN2CCC2)cc1
821,COC(=O)c1ccc(C=Nc2nc(C(=O)N3CC(C)NC3=O)ccc2F)cc1
822,CC(=O)N1C(=O)N(CCC2CCCO2)C(=O)c2c(c3ccc2cc3)N1S(=O)(=O)c1ccccc1
823,CCCN(CCCOC(C)=O)C(=O)c1ccc(OC)c2ccccc12
824,O=[N+]([O-])C1=CN=Cc2nc(nc(CCCCCN3CCCCC3)n2)C=C1
825,CN1CCCCCN(C(=O)c2cc3ccc(c4nnc([nH]c(=O)[nH]2)n4C)n3-c2ccc(Cl)cn2)CC1
826,O=C(Nc1ccccc1)C(=Cc1ccc(Cl)s1)N=C1N=NN=N1
827,CCN(C)C(=O)c1ccccc1C(=O)N1CCCC1
828,CN(C(=O)c1ccc(NC(=O)NC=Cc2ncccn2)cc1)c1ccccc1
829,Cc1nc(N2CCN(CCN3CCCCC3)CC2)nc2ccccc12
830,COC(=O)COc1cccc2c1C(=O)Oc1ccccc1C(=O)OC2=O
831,COc1ccccc1NC(=O)NCc1ccccc1OC=CC1=CCCN(C)C1=O
832,COC(=Cc1ccc(C(=O)N2CCN(C)C2=O)s1)C(=O)N1CCCCC1
833,COc1ccc(N)c(-c2ccccc2)n1
834,Cc1ccc(O)cc1N=c1c2ccccccc3c(c1cccc2)=CC=CC=CC=3
835,CC#CCC1OC2OC1C2OC(C)(C)C
836,O=C1N(Cc2ccc(F)nc2C(F)(F)F)CCC2CCCN12
837,O=C(Nc1nc(-c2cccc3c(=O)c2=CC=3)cs1)c1ccccc1
838,O=C1CCCN1C(=O)N1CCCC1=O
839,CC(=O)N(Cc1ccccc1)CC(O)COC1=C2N=C(c3ccccc3)N(C1=O)S2(=O)=O
840,CN(C)CCCCCCN1CCN(C(=O)NC2CCC2)CC1
841,CC(NCC(=O)Nc1ccccc1)c1cn2c(N(c3cccc(F)c3)c3ccccc3C(F)(F)F)ncc2c(=O)[nH]1
842,CC(C)(C)CC(C)(C)OS(=O)(=O)C(C)(C)C
843,CCN1C=CC=C(C(=O)C=Cc2ccc3cc2N(C(=O)C(C)(C)C)C3=O)S1(=O)=O
844,COc1ccc2c(c1)C(=O)C(c1ccc(C(=O)N3CCCCC3)cc1)=CC2=O
845,CCSc1nc2nncn2c(=O)n1Cc1cccc2c1=CC=2[N+](=O)[O-]
846,COc1ccccc1OC(=O)NC(=O)N(CCN(C)C)c1ncccc1C#N
847,CCn1ccnc1C(=O)c1cc(-c2ccccc2)nc(-c2ccccc2)n1
848,CSc1nc(Nc2ccccc2N2CCCC2)cs1
849,COC(=O)CCCCCOC(=O)c1cc(Cl)cc(NC(=O)c2cccc3ccccc23)c1
850,O=C1CN(C[N+](=O)[O-])C(=O)N1CCC[N+](=O)[O-]
851,CCOc1nnnc2ccc3ncccc3c12
852,COC(=O)c1c(C(=O)OCC(C)(C)C)c2ccc(OC)nc2c2ccc(OC)cc12
853,CCCCCCC1OC(=O)c2ccc(cc2)C(=O)OC2CC1O2
854,O=C(n1c2cc(Cl)c1S(=O)(=O)NC(C(F)(F)C(F)(F)C(F)(F)C(F)(F)C(F)(F)C(F)(F)C(F)(F)F)CNS2(=O)=O)C(F)(F)Cl
855,CCC(C)=NC=Cc1ccccc1
856,Nc1nc(N2CCNC(=O)C2)ncc1-c1ccc(Cl)c(Cl)c1
857,CC1(CCC(OC(=O)c2ccccc2)C(C)(C)C)CCCCC1
858,CC(C(=O)Nc1ccccc1Nc1ccc(Cl)cc1)N1C=C1
859,C=c1cccc(C(=O)n2cc3[nH]c(=O)n(-c4ccccc4)c3n2)c1=CC
860,COC(=O)c1cnc(C=CC=C2C=CC(OC)=C2C2=CSc3ncnc(=O)n3S2(=O)=O)s1
861,C#COc1cc(OC(=O)c2ccccc2C(=O)O)ccc1OC
862,CCOC(=O)c1ccc(C)c2ccccc12
863,CCOC(=O)c1ccccc1NC(=O)CCN1CCCN(C)C1=O
864,COc1c([N+](=O)[O-])cc(C)c(=O)[nH]c1=O
865,CCOc1ccc(-c2nc(SC#N)n3c4ccccc4c4cc(=O)n(CC)c(=S)n4c23)cc1
866,CN=C(SC)N(c1ccccc1)c1nccs1
867,CCCCCC(=CC(=O)O)C(=O)OCCCCCCCCCCCOC(=O)OC
868,CCN1C2=NC=CC(F)=CC=CCNc3cccccc(c1cc3)N2
869,CCN1C(=O)N(S(=O)(=O)c2ccc(F)cc2)CCC1C(C)(C)C
870,CC1CCCN1C(=O)c1ccc2nc1N(C)CCC(=O)N(C)CC(=O)Nc1ccc-2nc1
871,CCNC(=O)NCc1ccccc1Nc1nc2nc3ccc2cccc-3n1C
872,COC1=C(CCN(C)C(=O)c2cccc(OC)c2)C(=O)c2cc(Cl)ccc21
873,COc1nc(N)sc1C(=O)N1CCN2CCCC3OCCC1C32
874,O=C(Nc1ncncc1NS(=O)(=O)O)c1cc(NS(=O)(=O)c2ccccc2)c(C(=O)O)o1
875,COc1ccc(C)c(-c2nc(C)c(C)n2Cc2ccccc2Cl)c1
876,CC(C)=C(C)C(=O)N(C1CCCCC1O)C1CCCCC1N1CCCC(C)C1=O
877,CC(=O)OP(C)(O)(O)OC(F)(F)C(F)(F)C(F)(F)C(F)(F)C(F)(F)C(F)(F)C(F)(F)C(F)(F)C(F)(F)C(F)(F)C(F)(F)C(F)(F)C(F)(F)C(F)(F)C(F)(F)F
878,C#CC1=CCN(CCCN(c2ccc([N+](=O)[O-])cc2)S(=O)(=O)c2ccccc2OC)C1=O
879,COc1ccc2sc(N3CCOCCC(=O)OCCC3=O)nc2c1
880,CSc1nc2occc2n1CC(=O)NNS(=O)(=O)CCCCCC(=O)Nc1ccc(C)cc1
881,CN(C)Cc1ccc2cccc(N=C(N)N)c2c1
882,Cc1ccc(Cl)cc(Cl)cc(C(=O)N2CCC(NC(=O)c3cncc(O)c3)C2)cc1
883,CCCCCCCCCCC(=O)OC(C)(C)C
884,Fc1ccc(-c2ncc(C=NN=Nc3ccccc3)c(-c3ccccc3)n2)cc1
885,O=C1CN(CCn2c(Br)cc(F)cc2=O)C(=O)N1
886,Cc1cccc2ccc(nc1)n2C(=O)c1cccc(C)c1
887,COc1cc2c(C(=O)N3CCCCC3)c(c1S(=O)(=O)N1CCCC(OC(C)=O)C1)OC2=O
888,Cc1ccc(S(=O)(=O)NN=C(N)Sc2nccc(-c3ccc(Cl)cc3)n2)c(O)n1
889,COc1cccc(C(=O)NCCNC(=O)c2cccc(F)c2C(=O)NCc2ccccc2Cl)c1
890,CN(B(O)C1OC(C)(C)C2OC1C2O)C(N)=O
891,O=C1NC2=NN=NN=C(S2)N1CCCc1cccccc2ccccccc1-2
892,CC(=O)N(CCCN1CCN(C)CC1)Cc1ccc(Cl)cc1
893,COc1cccc(N(Cc2cc(Cl)cs2)C(=O)Nc2nccs2)c1
894,CCCN(Cc1ccccc1)c1ccccc1COc1ccc(-c2ccccc2C)cc1
895,CCSCC(=O)Nc1ccc(C(=O)NCCC(=O)O)c2ccc(Br)cc12
896,CCc1cc([N+](=O)[O-])cc(C)n1
897,COc1ccccc1N(C)c1cnc(NCc2cccc(C)c2)n2cccc12
898,CC1=CSc2c(ccc(C(=O)O)c2C(=O)NC(=O)c2ccccc2Cl)S1
899,CCCCCn1c(C(C)(C)C)nc2nc(Cl)sc21
900,CC1=C2C=C1OCCO2
901,CCCCCc1ccc(C(=O)OC)oc1=O
902,N#CC1=C2NC3(C1)CN2CCCN1CC2CC(O)C1CN2C3
903,CC1(C)CCN(Cc2ccc(C(=O)N3CCC(C)(C)CC3)cc2)CC1
904,CN(C)C(=O)C(F)=Cc1ccc(NC(=O)c2ccc(F)cc2)cc1C(=O)N1CCCC1
905,COc1ccc(C(=O)N2CCC3NC(=O)C(C)(O)CC2C3=O)cc1NC(=O)NCC1CCCCC1
906,Nc1cccc(C=NC(=NC=Cc2ccccc2)c2ccccc2)n1
907,CCC(C)n1c2nc(c1C)SC(C)=C(C(=O)OC)S2
908,CCC(=O)Nc1cc2c3cc(OC)ccc3c1-c1ccc(C(=O)NCCOC)c(n1)N2
909,CC(C)(C)Cn1c(=O)c(C2CCCC2)cc2ccccc21
910,Cc1ccccc1-c1csc(Sc2ncc3n(C(=O)NC(=O)C#N)c4ccccc4n23)n1
911,COc1ccc2cc(S(=O)(=O)N3CCCCC3)cc(C(=O)NCCc3ccccc3)c2n1
912,Cc1nc(C=C(Oc2ccccc2)c2c[nH]c(-c3cccc(C(F)(F)F)c3)n2)n2c1C1=CC=C(n3cncn3)CN1CC2
913,CC1=CC=C(Cl)C=CC=C1NC(=N)NCc1cc2ccc1n2Cc1cccc(F)c1
914,C=CC=CC=C(O)C(=O)Nc1ccc(Cl)cc1C(=O)c1ccc(Cl)cc1F
915,O=C1CCCCN1C1=Cn2c3cc4c(ccn4c2=O)N(CCCCCCc2ccccc21)C3
916,COc1ccc2c(N(C(=O)N3CCN(C)CC3)C3CCCCC3)c1-2
917,CCc1c2c3c(C(=O)OC)cc1c(C(=O)N1CCCCCC1)c3-2
918,CCCCC(=O)N(CCC)CCOC(=O)c1ccccc1
919,O=C1N(C=CC=C(F)F)CCN2CCOC(C2)N1C1CN2CC2C1O
920,O=C(NC(=S)N1CCN(C(=O)N2CCCCC2)CC1)Nc1ccc2c3ccc([nH]3)c2c1
921,CC(O)C(O)C1=CC=C(O)C(C(=O)O)=CC(C(=O)O)=C1O
922,CC(=O)N(C)C(=O)c1c(N(C)CCN(C)CCC#N)c2ccc3c(Cl)ccc1c3n2
923,COc1ccc(C(F)(F)F)cc1C(=O)N(CC(=O)O)CC(=O)N1CCCCC1
924,CCCCOCCOc1ccccc1C(=O)NS(=O)(=O)c1c2cc(Cl)cc1C(=O)NC2
925,CC(C)(C)N(CCCN1CCCCC1=O)c1nn2c(=O)n1CCC2C(=O)Nc1ccc(F)cc1
926,COC(=O)c1ccccc1C=CC=C1C(=O)C=CC=C1OC(C)=O
927,COc1cc(C)ccc1C(=O)N1CCCCCCCCC1
928,CCCCNc1nc2c(n1-c1ccccc1)=CC=2
929,Cc1ccc2[nH]c(=O)n(C)c(=NNc3ccc(C(F)(F)F)cc3)[nH]c(=O)[nH]c2n1
930,CN(C(=O)c1cc(Cl)ccc1F)C(=O)c1ccc[nH]c1=Nc1cccs1
931,CCCN(C(=O)N1CCN(C)CC1)C(C#N)=CC=C(Cl)c1ccc(OC)cc1
932,O=C(C1CN(c2cccc(O)c2)CCN1c1ccccc1)N1c2cc(F)ccc2N2CCC1C2
933,OC(=CCl)N=c1sc(Nc2cccc(Cl)c2)nc2cc(C(F)(F)F)ccc12
934,COc1cccc(C(=O)OCCC2OCC3Oc4cccc(C)c4OC23)c1
935,COC(=O)CCN(CC1CCCCC1)S(=O)(=O)N1CCCC1
936,N#COc1ccc(Nc2ccccc2N2CCOc3ccccc32)cc1C#N
937,C=Cc1nn(-c2c(CCO)cccc2Oc2ccccc2)nc1-c1cccc(Br)c1
938,O=[N+]([O-])c1ccc(Cl)nc1SCc1ccc(F)cc1
939,Cc1cc2cc(S(=O)(=O)N3C(=O)OC4CCCCC43)ccc2nc1C
940,O=C1C2=C3C(=CC=C3OCCOc3ccccc3Cl)CCCCCCCCN3Cc4cc1cc(c42)C3=O
941,COc1cccc2c(Oc3ccc(C(=O)N4CCCCC4)cc3)cccc12
942,CC(C)(C)CNC(=O)CCN1CCCN(C(=O)c2c3ccc4[nH]c-3nc24)C1=O
943,C=C1C(=O)Cn2c(-c3ccccc3)cnc21
944,COc1ccc2c3ccc4cc3oc3cccc(c3)oc(=O)[nH]c1nc1cccn1c(=O)n42
945,COC(=O)C(=C=c1cnc2cccc3c(OC)ccc1c23)C(=O)N1CCC1C1CCC1
946,O=c1[nH]c2ccccncnn3nc(cc2)-n2c4c(F)cc1ccccc-4ccc2c1ccccc13
947,O=c1c2ccc(OCc3ccccc3CN3CCCC3)n1-c1ccccc1-2
948,Cc1ccc(C(=O)Nc2ccc(-c3cccs3)c(NC(=O)c3ccccn3)c2)o1
949,O=C(c1ccccc1)N1CCC2(CC1)CCN(c1ccccc1)C2=O
950,O=C(O)COc1ccc(C(=O)NC(=O)Nc2cccc(O)c2)cc1
951,COC(=O)C(C(=O)N1CC2(CCC2)CCC1=O)=C1CCOc2ccccc21
952,CN1C(=O)C(NC2=Nc3ccc(nc3O)S2)=C(c2ccccc2)C1=O
953,COc1ccccccccc1N(C)c1cccc(Cl)c1
954,c1ccc(-[n+]2ccccc2N2CCCC2)nc1
955,COc1ccccc1-c1cn(CCC(=O)CNC(=O)c2ccccc2)c2ccc(C)cc12
956,Cc1ccc2c(c1)C(=O)N1CCN(CC1)C(=O)N1CC3CC1C1(CCOC(=O)C1=C2)C3
957,CC1(C)CCC(N2CC3Oc4ccccc4OC3N(c3ccccc3C#N)C2=O)CC1
958,CC=C1CCCCC1=O
959,Cc1ccc(Cc2nc(C)c(CNS(=O)(=O)c3ccc(Cl)cc3)s2)cc1
960,CNC(=O)N(C)C(=O)N1C(=CC=C2C=CC(Cl)=C2)SC(C#N)=C1SC
961,COc1ccc(OCSc2ncc(Cl)cc2C2CC2)cc1[N+](=O)[O-]
962,CCn1nc(NS(=O)(=O)c2cccc(F)c2)nc1NCCOc1ccc(F)cc1
963,Cc1ccsc1NC(=O)N(Cc1ncccc1C(F)(F)F)c1ccccc1
964,CN(C)C(=O)c1ccc(C(F)(F)F)c(NC(=O)C2CCN(CCOc3cc4ccc3n4C)C3CCN2C3)c1
965,O=S(=O)(NC1CCCC1)C1=CC=C2C=CC(c3cccc(Cl)c3Br)=C1N2
966,COc1ccc(N2CCN(C(=O)C#CC(=O)O)CC2)cc1OC
967,COC=CC=C1C2=CC=C1C(OCC1CC(C)(C(=O)OC)N3CCCN1S3(=O)=O)=N2
968,COc1ccccc1[N+]([O-])(O)c1ccccc1-n1c2ccccc2c2nc(N(C)C)sc21
969,CCCCCCCCCCCc1cc(C(=O)N2CCCCC2=O)c2ccccc2c1
970,COC(=O)COc1ccccc1-n1c(=O)[nH]c(=O)[nH]c2ccc3cccc(C)ccc3c21
971,CCN1CCN(CCCc2c(-c3ccccc3)c(Cl)cc3cc(Cl)ccc23)CC1
972,COC(=O)c1ccccc1Oc1ccc(-n2c(=O)[nH]c3ccccc32)c(C#N)c1
973,COC(=O)C(C)CCN1c2ccccc2Nc2ccc(OC)cc21
974,O=C1CN(CC2CC2)CCN1C(=O)OC1=CC=C1CCCN1CCC1
975,COCCCN1CCN(CCN2CCc3cc4[nH]ccc4nc3-n3cc(cn3)C2=O)C1=O
976,CC(=O)N1CCN(S(=O)(=O)c2cccc(N3CCCN(C(=O)c4ccccc4)C3)c2)CC1
977,O=C(C1NC2CN3CCN(c4ccc5cc(F)ccc5c4)C=CN(C3=O)C2C1OP(=O)(O)OP(=O)=O)N1CCCCC1
978,CCCCCCCC(=O)NC(C)=O
979,COc1ccc(C(=O)N2Cc3cccc(=O)[nH]c4cc(OCCOC(C)=O)c3c(c4)S2(=O)=O)cn1
980,N#Cc1ccc2n(c1=O)CCN(CCCNC(=O)c1ccccc1)C2=O
981,C#Cc1ccc2cc1OCCCC(C1CCC(=O)O1)OC(=O)c1ccc-2cc1
982,O=C(C1CCCN1CCN1CCCCC1)N(c1ccccc1)c1cccc2ccccc12
983,CCN(C)C(=O)Nc1n[nH]c(=O)c2cc(-c3nccc(C(F)(F)F)n3)ccc12
984,CCCN(CC)C(=O)c1ccc(C=Cc2ccc(C)cc2)nc1
985,CCC(=O)N(CCC(C)C(=O)O)c1cc2c(Cl)csc2nn1
986,CCN1C2=Nc3cccc(OC)c3C1=NC(c1c(OC)ccc(C#N)c1-c1ccccc1)=N2
987,Cc1cccc(C(=O)N2CCCC(NC(=O)NC(=O)c3ccccc3)CC2)n1
988,CN1CCN(S(=O)(=O)c2cccs2)C1
989,CCN1C(=O)N(c2nc3ccccc3c3cccn23)CCC1C
990,NCCCOc1ccc2c(c1)C(c1nc3[nH]c(=O)c1[nH]3)=NCS2
991,COc1cc2cc(N3C(=O)N4CCCC3C4)c(=O)n(C)c2cc1OC
992,CC(C)(C)CCN1Cc2cccnc2N(S(=O)(=O)c2cccc(C(F)(F)F)c2)C1=O
993,CC(C)(C)C1CCN(C2=CC=c3ccc(o3)=C2C(F)(F)c2cccc(Cl)c2Cl)C(=O)N1
994,CCOc1cccc(NC(=O)c2cccc(Nc3cc(C)cc(CCCCC(C)C)c3)c2C#N)c1
995,COCC(=O)Nc1nc(N2CCCC2)c2c3[nH]c(=O)c(nc3C=CC(F)=Cc3cc[nH]c3)c2n1
996,O=S(=O)(C1=CC(Cl)CC=C1)N1CCN(S(=O)(=O)c2ccc(CC3CCCCC3)cn2)CC1
997,COCCN(CCOc1ccccc1)C(=O)c1cc2ccccc2[nH]1
998,COC(=CC(Br)=CCl)c1ccc(OC)c(N(C)C(=O)c2cccc(Cl)c2)n1
999,O=C(c1c2ccc3c1c1ccc3n1CC(=O)N2CCN1CCCC1)N1CCCCC1
1000,O=C(Cc1ccccc1)n1nc2cnnc-2nc1SCc1cc(Br)cc2ccccc12
